frame,present_id,image,square,cpu_present_call_ns,cpu_present_return_ns,present_result,vblank_counter,timing_result,report_complete,time_domain,time_domain_id,queue_operations_end_ns,request_dequeued_ns,image_first_pixel_out_ns,image_first_pixel_visible_ns,queue_operations_end_monotonic_ns,request_dequeued_monotonic_ns,image_first_pixel_out_monotonic_ns,image_first_pixel_visible_monotonic_ns
0,1,0,black,90421023306399,90421100833638,0,,1,1,SWAPCHAIN_LOCAL,1000208001,1791481878799610880,,1791481878807901344,,90421100790688,,90421109079808,
1,2,1,white,90421100838517,90421100862633,0,,1,1,SWAPCHAIN_LOCAL,1000208001,1791481878799749120,,1791481878816234688,,90421100928928,,90421117413152,
2,3,2,black,90421100865598,90421100885456,0,,1,1,SWAPCHAIN_LOCAL,1000208001,1791481878799816704,,1791481878824568000,,90421100996512,,90421125746464,
3,4,0,white,90421100936923,90421100956420,0,,1,1,SWAPCHAIN_LOCAL,1000208001,1791481878809394176,,1791481878832901344,,90421110573984,,90421134079808,
4,5,1,black,90421100997999,90421101019309,0,2674277,1,1,SWAPCHAIN_LOCAL,1000208001,1791481878817737728,,1791481878841234688,,90421118917536,,90421142413152,
5,6,2,white,90421110579299,90421110610688,0,2674277,1,1,SWAPCHAIN_LOCAL,1000208001,1791481878826068992,,1791481878849568000,,90421127248800,,90421150746464,
6,7,0,black,90421118980338,90421119122938,0,2674278,1,1,SWAPCHAIN_LOCAL,1000208001,1791481878834397184,,1791481878857901344,,90421135576992,,90421159079808,
7,8,1,white,90421127305444,90421127411775,0,2674279,1,1,SWAPCHAIN_LOCAL,1000208001,1791481878842732544,,1791481878866234688,,90421143912352,,90421167413152,
8,9,2,black,90421135621392,90421135732282,0,2674280,1,1,SWAPCHAIN_LOCAL,1000208001,1791481878851061760,,1791481878874568000,,90421152241568,,90421175746464,
9,10,0,white,90421143933604,90421143990702,0,2674281,1,1,SWAPCHAIN_LOCAL,1000208001,1791481878859405312,,1791481878882901344,,90421160585120,,90421184079808,
10,11,1,black,90421152302824,90421152418913,0,2674282,1,1,SWAPCHAIN_LOCAL,1000208001,1791481878867729408,,1791481878891234688,,90421168909216,,90421192413152,
11,12,2,white,90421160994042,90421161113928,0,2674283,1,1,SWAPCHAIN_LOCAL,1000208001,1791481878876055552,,1791481878899568000,,90421177235360,,90421200746464,
12,13,0,black,90421168925723,90421168980206,0,2674284,1,1,SWAPCHAIN_LOCAL,1000208001,1791481878884395008,,1791481878907901344,,90421185574816,,90421209079808,
13,14,1,white,90421177305302,90421177411593,0,2674285,1,1,SWAPCHAIN_LOCAL,1000208001,1791481878892724224,,1791481878916234688,,90421193904032,,90421217413152,
14,15,2,black,90421185631290,90421185742470,0,2674286,1,1,SWAPCHAIN_LOCAL,1000208001,1791481878901060608,,1791481878924568000,,90421202240416,,90421225746464,
15,16,0,white,90421194442725,90421194549256,0,2674287,1,1,SWAPCHAIN_LOCAL,1000208001,1791481878909400064,,1791481878932901344,,90421210579872,,90421234079808,
16,17,1,black,90421202440482,90421202548386,0,2674288,1,1,SWAPCHAIN_LOCAL,1000208001,1791481878917728256,,1791481878941234688,,90421218908064,,90421242413152,
17,18,2,white,90421210637445,90421210744488,0,2674289,1,1,SWAPCHAIN_LOCAL,1000208001,1791481878926065664,,1791481878949568000,,90421227245472,,90421250746464,
18,19,0,black,90421218973652,90421219102486,0,2674290,1,1,SWAPCHAIN_LOCAL,1000208001,1791481878934394880,,1791481878957901344,,90421235574688,,90421259079808,
19,20,1,white,90421227303357,90421227411852,0,2674291,1,1,SWAPCHAIN_LOCAL,1000208001,1791481878942732288,,1791481878966234688,,90421243912096,,90421267413152,
20,21,2,black,90421235641828,90421235747227,0,2674292,1,1,SWAPCHAIN_LOCAL,1000208001,1791481878951061504,,1791481878974568000,,90421252241312,,90421275746464,
21,22,0,white,90421243972033,90421244099404,0,2674293,1,1,SWAPCHAIN_LOCAL,1000208001,1791481878959396864,,1791481878982901344,,90421260576672,,90421284079808,
22,23,1,black,90421252304784,90421252411105,0,2674294,1,1,SWAPCHAIN_LOCAL,1000208001,1791481878967727104,,1791481878991234688,,90421268906912,,90421292413152,
23,24,2,white,90421260637464,90421260742683,0,2674295,1,1,SWAPCHAIN_LOCAL,1000208001,1791481878976057344,,1791481878999568000,,90421277237152,,90421300746464,
24,25,0,black,90421268968611,90421269103716,0,2674296,1,1,SWAPCHAIN_LOCAL,1000208001,1791481878984397824,,1791481879007901344,,90421285577632,,90421309079808,
25,26,1,white,90421277253050,90421277312452,0,2674297,1,1,SWAPCHAIN_LOCAL,1000208001,1791481878992731136,,1791481879016234688,,90421293910944,,90421317413152,
26,27,2,black,90421285635444,90421285742717,0,2674298,1,1,SWAPCHAIN_LOCAL,1000208001,1791481879001066496,,1791481879024568000,,90421302246304,,90421325746464,
27,28,0,white,90421293968865,90421294106936,0,2674299,1,1,SWAPCHAIN_LOCAL,1000208001,1791481879009401856,,1791481879032901344,,90421310581664,,90421334079808,
28,29,1,black,90421302310142,90421302417204,0,2674300,1,1,SWAPCHAIN_LOCAL,1000208001,1791481879017735168,,1791481879041234688,,90421318914976,,90421342413152,
29,30,2,white,90421310634607,90421310743192,0,2674301,1,1,SWAPCHAIN_LOCAL,1000208001,1791481879026066432,,1791481879049568000,,90421327246240,,90421350746464,
30,31,0,black,90421318994689,90421319127650,0,2674302,1,1,SWAPCHAIN_LOCAL,1000208001,1791481879034399744,,1791481879057901344,,90421335579552,,90421359079808,
31,32,1,white,90421327316187,90421327425013,0,2674303,1,1,SWAPCHAIN_LOCAL,1000208001,1791481879042727936,,1791481879066234688,,90421343907744,,90421367413152,
32,33,2,black,90421335594365,90421335649188,0,2674304,1,1,SWAPCHAIN_LOCAL,1000208001,1791481879051058176,,1791481879074568000,,90421352237984,,90421375746464,
33,34,0,white,90421343967892,90421344096996,0,2674305,1,1,SWAPCHAIN_LOCAL,1000208001,1791481879059394560,,1791481879082901344,,90421360574368,,90421384079808,
34,35,1,black,90421352302716,90421352411432,0,2674306,1,1,SWAPCHAIN_LOCAL,1000208001,1791481879067737088,,1791481879091234688,,90421368916896,,90421392413152,
35,36,2,white,90421360634715,90421360743170,0,2674307,1,1,SWAPCHAIN_LOCAL,1000208001,1791481879076059136,,1791481879099568000,,90421377238944,,90421400746464,
36,37,0,black,90421368969659,90421369093393,0,2674308,1,1,SWAPCHAIN_LOCAL,1000208001,1791481879084395520,,1791481879107901344,,90421385575328,,90421409079808,
37,38,1,white,90421377690835,90421377798739,0,2674309,1,1,SWAPCHAIN_LOCAL,1000208001,1791481879092725760,,1791481879116234688,,90421393905568,,90421417413152,
38,39,2,black,90421385634499,90421386246425,0,2674310,1,1,SWAPCHAIN_LOCAL,1000208001,1791481879101065216,,1791481879124568000,,90421402245024,,90421425746464,
39,40,0,white,90421393963241,90421394082046,0,2674311,1,1,SWAPCHAIN_LOCAL,1000208001,1791481879109402624,,1791481879132901344,,90421410582432,,90421434079808,
40,41,1,black,90421402315649,90421402417081,0,2674312,1,1,SWAPCHAIN_LOCAL,1000208001,1791481879117734912,,1791481879141234688,,90421418914720,,90421442413152,
41,42,2,white,90421410636737,90421410740674,0,2674313,1,1,SWAPCHAIN_LOCAL,1000208001,1791481879126060032,,1791481879149568000,,90421427239840,,90421450746464,
42,43,0,black,90421419335699,90421419438323,0,2674314,1,1,SWAPCHAIN_LOCAL,1000208001,1791481879134393344,,1791481879157901344,,90421435573152,,90421459079808,
43,44,1,white,90421427766947,90421427869831,0,2674315,1,1,SWAPCHAIN_LOCAL,1000208001,1791481879142732800,,1791481879166234688,,90421443912608,,90421467413152,
44,45,2,black,90421435625801,90421435718686,0,2674316,1,1,SWAPCHAIN_LOCAL,1000208001,1791481879151059968,,1791481879174568000,,90421452239776,,90421475746464,
45,46,0,white,90421443977587,90421444095079,0,2674317,1,1,SWAPCHAIN_LOCAL,1000208001,1791481879159398400,,1791481879182901344,,90421460578208,,90421484079808,
46,47,1,black,90421452291682,90421452387594,0,2674318,1,1,SWAPCHAIN_LOCAL,1000208001,1791481879167733760,,1791481879191234688,,90421468913568,,90421492413152,
47,48,2,white,90421460645722,90421460747655,0,2674319,1,1,SWAPCHAIN_LOCAL,1000208001,1791481879176064000,,1791481879199568000,,90421477243808,,90421500746464,
48,49,0,black,90421468978172,90421469090875,0,2674320,1,1,SWAPCHAIN_LOCAL,1000208001,1791481879184397312,,1791481879207901344,,90421485577120,,90421509079808,
49,50,1,white,90421477262010,90421477311794,0,2674321,1,1,SWAPCHAIN_LOCAL,1000208001,1791481879192730624,,1791481879216234688,,90421493910432,,90421517413152,
50,51,2,black,90421485643813,90421485747880,0,2674322,1,1,SWAPCHAIN_LOCAL,1000208001,1791481879201055744,,1791481879224568000,,90421502235552,,90421525746464,
51,52,0,white,90421493975611,90421494092252,0,2674323,1,1,SWAPCHAIN_LOCAL,1000208001,1791481879209398272,,1791481879232901344,,90421510578080,,90421534079808,
52,53,1,black,90421502306067,90421502412628,0,2674324,1,1,SWAPCHAIN_LOCAL,1000208001,1791481879217735680,,1791481879241234688,,90421518915488,,90421542413152,
53,54,2,white,90421510637545,90421510742974,0,2674325,1,1,SWAPCHAIN_LOCAL,1000208001,1791481879226062848,,1791481879249568000,,90421527242656,,90421550746464,
54,55,0,black,90421519327000,90421519429484,0,2674326,1,1,SWAPCHAIN_LOCAL,1000208001,1791481879234393088,,1791481879257901344,,90421535572896,,90421559079808,
55,56,1,white,90421527505158,90421527611930,0,2674327,1,1,SWAPCHAIN_LOCAL,1000208001,1791481879242731520,,1791481879266234688,,90421543911328,,90421567413152,
56,57,2,black,90421535630857,90421535739963,0,2674328,1,1,SWAPCHAIN_LOCAL,1000208001,1791481879251057664,,1791481879274568000,,90421552237472,,90421575746464,
57,58,0,white,90421544323237,90421544426542,0,2674329,1,1,SWAPCHAIN_LOCAL,1000208001,1791481879259401216,,1791481879282901344,,90421560581024,,90421584079808,
58,59,1,black,90421552304844,90421552408359,0,2674330,1,1,SWAPCHAIN_LOCAL,1000208001,1791481879267731456,,1791481879291234688,,90421568911264,,90421592413152,
59,60,2,white,90421560596767,90421561535801,0,2674331,1,1,SWAPCHAIN_LOCAL,1000208001,1791481879276088320,,1791481879299568000,,90421577268128,,90421600746464,
60,61,0,black,90421568978900,90421569098647,0,2674332,1,1,SWAPCHAIN_LOCAL,1000208001,1791481879284404224,,1791481879307901344,,90421585584032,,90421609079808,
61,62,1,white,90421577308324,90421577417010,0,2674333,1,1,SWAPCHAIN_LOCAL,1000208001,1791481879292734464,,1791481879316234688,,90421593914272,,90421617413152,
62,63,2,black,90421585638980,90421585742035,0,2674334,1,1,SWAPCHAIN_LOCAL,1000208001,1791481879301067776,,1791481879324568000,,90421602247584,,90421625746464,
63,64,0,white,90421593970077,90421594084814,0,2674335,1,1,SWAPCHAIN_LOCAL,1000208001,1791481879309398016,,1791481879332901344,,90421610577824,,90421634079808,
64,65,1,black,90421602294122,90421602396205,0,2674336,1,1,SWAPCHAIN_LOCAL,1000208001,1791481879317731328,,1791481879341234688,,90421618911136,,90421642413152,
65,66,2,white,90421610637171,90421610748662,0,2674337,1,1,SWAPCHAIN_LOCAL,1000208001,1791481879326059520,,1791481879349568000,,90421627239328,,90421650746464,
66,67,0,black,90421618971624,90421619097432,0,2674338,1,1,SWAPCHAIN_LOCAL,1000208001,1791481879334394880,,1791481879357901344,,90421635574688,,90421659079808,
67,68,1,white,90421627256644,90421627310106,0,2674339,1,1,SWAPCHAIN_LOCAL,1000208001,1791481879342726144,,1791481879366234688,,90421643905952,,90421667413152,
68,69,2,black,90421635585868,90421635640091,0,2674340,1,1,SWAPCHAIN_LOCAL,1000208001,1791481879351059456,,1791481879374568000,,90421652239264,,90421675746464,
69,70,0,white,90421643969654,90421644087577,0,2674341,1,1,SWAPCHAIN_LOCAL,1000208001,1791481879359403008,,1791481879382901344,,90421660582816,,90421684079808,
70,71,1,black,90421652306143,90421652408817,0,2674342,1,1,SWAPCHAIN_LOCAL,1000208001,1791481879367730176,,1791481879391234688,,90421668909984,,90421692413152,
71,72,2,white,90421660636909,90421660744693,0,2674343,1,1,SWAPCHAIN_LOCAL,1000208001,1791481879376055296,,1791481879399568000,,90421677235104,,90421700746464,
72,73,0,black,90421668979528,90421669092482,0,2674344,1,1,SWAPCHAIN_LOCAL,1000208001,1791481879384398848,,1791481879407901344,,90421685578656,,90421709079808,
73,74,1,white,90421677302510,90421677406376,0,2674345,1,1,SWAPCHAIN_LOCAL,1000208001,1791481879392733184,,1791481879416234688,,90421693912992,,90421717413152,
74,75,2,black,90421685634478,90421685738164,0,2674346,1,1,SWAPCHAIN_LOCAL,1000208001,1791481879401060352,,1791481879424568000,,90421702240160,,90421725746464,
75,76,0,white,90421693973942,90421694102385,0,2674347,1,1,SWAPCHAIN_LOCAL,1000208001,1791481879409396736,,1791481879432901344,,90421710576544,,90421734079808,
76,77,1,black,90421702392343,90421702496340,0,2674348,1,1,SWAPCHAIN_LOCAL,1000208001,1791481879417735168,,1791481879441234688,,90421718914976,,90421742413152,
77,78,2,white,90421710638620,90421710741385,0,2674349,1,1,SWAPCHAIN_LOCAL,1000208001,1791481879426062336,,1791481879449568000,,90421727242144,,90421750746464,
78,79,0,black,90421718969417,90421719091147,0,2674350,1,1,SWAPCHAIN_LOCAL,1000208001,1791481879434400768,,1791481879457901344,,90421735580576,,90421759079808,
79,80,1,white,90421727313248,90421727417806,0,2674351,1,1,SWAPCHAIN_LOCAL,1000208001,1791481879442731008,,1791481879466234688,,90421743910816,,90421767413152,
80,81,2,black,90421735643865,90421735747130,0,2674352,1,1,SWAPCHAIN_LOCAL,1000208001,1791481879451067392,,1791481879474568000,,90421752247200,,90421775746464,
81,82,0,white,90421743971996,90421744101661,0,2674353,1,1,SWAPCHAIN_LOCAL,1000208001,1791481879459397632,,1791481879482901344,,90421760577440,,90421784079808,
82,83,1,black,90421752658475,90421752764495,0,2674354,1,1,SWAPCHAIN_LOCAL,1000208001,1791481879467735040,,1791481879491234688,,90421768914848,,90421792413152,
83,84,2,white,90421760637096,90421760742715,0,2674355,1,1,SWAPCHAIN_LOCAL,1000208001,1791481879476061184,,1791481879499568000,,90421777240992,,90421800746464,
84,85,0,black,90421768975186,90421769109570,0,2674356,1,1,SWAPCHAIN_LOCAL,1000208001,1791481879484400640,,1791481879507901344,,90421785580448,,90421809079808,
85,86,1,white,90421777301414,90421777406473,0,2674357,1,1,SWAPCHAIN_LOCAL,1000208001,1791481879492731904,,1791481879516234688,,90421793911712,,90421817413152,
86,87,2,black,90421785623644,90421785733322,0,2674358,1,1,SWAPCHAIN_LOCAL,1000208001,1791481879501064192,,1791481879524568000,,90421802244000,,90421825746464,
87,88,0,white,90421794325302,90421794434168,0,2674359,1,1,SWAPCHAIN_LOCAL,1000208001,1791481879509396480,,1791481879532901344,,90421810576288,,90421834079808,
88,89,1,black,90421802657391,90421802763461,0,2674360,1,1,SWAPCHAIN_LOCAL,1000208001,1791481879517734912,,1791481879541234688,,90421818914720,,90421842413152,
89,90,2,white,90421810626073,90421810735620,0,2674361,1,1,SWAPCHAIN_LOCAL,1000208001,1791481879526062080,,1791481879549568000,,90421827241888,,90421850746464,
90,91,0,black,90421819341798,90421819448640,0,2674362,1,1,SWAPCHAIN_LOCAL,1000208001,1791481879534397440,,1791481879557901344,,90421835577248,,90421859079808,
91,92,1,white,90421827302054,90421827409677,0,2674363,1,1,SWAPCHAIN_LOCAL,1000208001,1791481879542727680,,1791481879566234688,,90421843907488,,90421867413152,
92,93,2,black,90421835635605,90421835744311,0,2674364,1,1,SWAPCHAIN_LOCAL,1000208001,1791481879551067136,,1791481879574568000,,90421852246944,,90421875746464,
93,94,0,white,90421843966182,90421844096077,0,2674365,1,1,SWAPCHAIN_LOCAL,1000208001,1791481879559396352,,1791481879582901344,,90421860576160,,90421884079808,
94,95,1,black,90421852313650,90421852422345,0,2674366,1,1,SWAPCHAIN_LOCAL,1000208001,1791481879567739904,,1791481879591234688,,90421868919712,,90421892413152,
95,96,2,white,90421860638645,90421860751178,0,2674367,1,1,SWAPCHAIN_LOCAL,1000208001,1791481879576073216,,1791481879599568000,,90421877253024,,90421900746464,
96,97,0,black,90421868981544,90421869100710,0,2674368,1,1,SWAPCHAIN_LOCAL,1000208001,1791481879584398336,,1791481879607901344,,90421885578144,,90421909079808,
97,98,1,white,90421877306240,90421877416418,0,2674369,1,1,SWAPCHAIN_LOCAL,1000208001,1791481879592729600,,1791481879616234688,,90421893909408,,90421917413152,
98,99,2,black,90421885636465,90421885742105,0,2674370,1,1,SWAPCHAIN_LOCAL,1000208001,1791481879601070080,,1791481879624568000,,90421902249888,,90421925746464,
99,100,0,white,90421893977731,90421894099221,0,2674371,1,1,SWAPCHAIN_LOCAL,1000208001,1791481879609398272,,1791481879632901344,,90421910578080,,90421934079808,
100,101,1,black,90421902337713,90421902441820,0,2674372,1,1,SWAPCHAIN_LOCAL,1000208001,1791481879617734656,,1791481879641234688,,90421918914464,,90421942413152,
101,102,2,white,90421910993735,90421911115926,0,2674373,1,1,SWAPCHAIN_LOCAL,1000208001,1791481879626061824,,1791481879649568000,,90421927241632,,90421950746464,
102,103,0,black,90421919314432,90421919421945,0,2674374,1,1,SWAPCHAIN_LOCAL,1000208001,1791481879634396160,,1791481879657901344,,90421935575968,,90421959079808,
103,104,1,white,90421927310346,90421927425373,0,2674375,1,1,SWAPCHAIN_LOCAL,1000208001,1791481879642725376,,1791481879666234688,,90421943905184,,90421967413152,
104,105,2,black,90421935642755,90421935749507,0,2674376,1,1,SWAPCHAIN_LOCAL,1000208001,1791481879651060736,,1791481879674568000,,90421952240544,,90421975746464,
105,106,0,white,90421943920021,90421943973191,0,2674377,1,1,SWAPCHAIN_LOCAL,1000208001,1791481879659396096,,1791481879682901344,,90421960575904,,90421984079808,
106,107,1,black,90421952302315,90421952417072,0,2674378,1,1,SWAPCHAIN_LOCAL,1000208001,1791481879667729408,,1791481879691234688,,90421968909216,,90421992413152,
107,108,2,white,90421960840493,90421960949389,0,2674379,1,1,SWAPCHAIN_LOCAL,1000208001,1791481879676068864,,1791481879699568000,,90421977248672,,90422000746464,
108,109,0,black,90421969320522,90421969428085,0,2674380,1,1,SWAPCHAIN_LOCAL,1000208001,1791481879684403200,,1791481879707901344,,90421985583008,,90422009079808,
109,110,1,white,90421977407788,90421977523987,0,2674381,1,1,SWAPCHAIN_LOCAL,1000208001,1791481879692728320,,1791481879716234688,,90421993908128,,90422017413152,
110,111,2,black,90421985654806,90421985760947,0,2674382,1,1,SWAPCHAIN_LOCAL,1000208001,1791481879701061632,,1791481879724568000,,90422002241440,,90422025746464,
111,112,0,white,90421993974983,90421994098116,0,2674383,1,1,SWAPCHAIN_LOCAL,1000208001,1791481879709399040,,1791481879732901344,,90422010578848,,90422034079808,
112,113,1,black,90422002305910,90422002420056,0,2674384,1,1,SWAPCHAIN_LOCAL,1000208001,1791481879717730304,,1791481879741234688,,90422018910112,,90422042413152,
113,114,2,white,90422010606249,90422010696179,0,2674385,1,1,SWAPCHAIN_LOCAL,1000208001,1791481879726065664,,1791481879749568000,,90422027245472,,90422050746464,
114,115,0,black,90422018919833,90422018972983,0,2674386,1,1,SWAPCHAIN_LOCAL,1000208001,1791481879734394880,,1791481879757901344,,90422035574688,,90422059079808,
115,116,1,white,90422027301696,90422027412676,0,2674387,1,1,SWAPCHAIN_LOCAL,1000208001,1791481879742730240,,1791481879766234688,,90422043910048,,90422067413152,
116,117,2,black,90422035641330,90422035750847,0,2674388,1,1,SWAPCHAIN_LOCAL,1000208001,1791481879751059456,,1791481879774568000,,90422052239264,,90422075746464,
117,118,0,white,90422043982736,90422044106149,0,2674389,1,1,SWAPCHAIN_LOCAL,1000208001,1791481879759393792,,1791481879782901344,,90422060573600,,90422084079808,
118,119,1,black,90422052290870,90422052400187,0,2674390,1,1,SWAPCHAIN_LOCAL,1000208001,1791481879767731200,,1791481879791234688,,90422068911008,,90422092413152,
119,120,2,white,90422060636955,90422060750670,0,2674391,1,1,SWAPCHAIN_LOCAL,1000208001,1791481879776066560,,1791481879799568000,,90422077246368,,90422100746464,
120,121,0,black,90422068934269,90422068991246,0,2674392,1,1,SWAPCHAIN_LOCAL,1000208001,1791481879784394752,,1791481879807901344,,90422085574560,,90422109079808,
121,122,1,white,90422077304820,90422077411311,0,2674393,1,1,SWAPCHAIN_LOCAL,1000208001,1791481879792734208,,1791481879816234688,,90422093914016,,90422117413152,
122,123,2,black,90422085632130,90422085740365,0,2674394,1,1,SWAPCHAIN_LOCAL,1000208001,1791481879801069568,,1791481879824568000,,90422102249376,,90422125746464,
123,124,0,white,90422094329479,90422094437794,0,2674395,1,1,SWAPCHAIN_LOCAL,1000208001,1791481879809396736,,1791481879832901344,,90422110576544,,90422134079808,
124,125,1,black,90422102313781,90422102421414,0,2674396,1,1,SWAPCHAIN_LOCAL,1000208001,1791481879817729024,,1791481879841234688,,90422118908832,,90422142413152,
125,126,2,white,90422110640971,90422110757962,0,2674397,1,1,SWAPCHAIN_LOCAL,1000208001,1791481879826062336,,1791481879849568000,,90422127242144,,90422150746464,
126,127,0,black,90422118945858,90422119032031,0,2674398,1,1,SWAPCHAIN_LOCAL,1000208001,1791481879834400768,,1791481879857901344,,90422135580576,,90422159079808,
127,128,1,white,90422127246197,90422127286013,0,2674399,1,1,SWAPCHAIN_LOCAL,1000208001,1791481879842729984,,1791481879866234688,,90422143909792,,90422167413152,
128,129,2,black,90422135586322,90422135633902,0,2674400,1,1,SWAPCHAIN_LOCAL,1000208001,1791481879851062272,,1791481879874568000,,90422152242080,,90422175746464,
129,130,0,white,90422143916196,90422143977021,0,2674401,1,1,SWAPCHAIN_LOCAL,1000208001,1791481879859396608,,1791481879882901344,,90422160576416,,90422184079808,
130,131,1,black,90422152254467,90422152299262,0,2674402,1,1,SWAPCHAIN_LOCAL,1000208001,1791481879867724800,,1791481879891234688,,90422168904608,,90422192413152,
131,132,2,white,90422160583531,90422160628465,0,2674403,1,1,SWAPCHAIN_LOCAL,1000208001,1791481879876056064,,1791481879899568000,,90422177235872,,90422200746464,
132,133,0,black,90422168912203,90422168952429,0,2674404,1,1,SWAPCHAIN_LOCAL,1000208001,1791481879884397568,,1791481879907901344,,90422185577376,,90422209079808,
133,134,1,white,90422177242920,90422177283496,0,2674405,1,1,SWAPCHAIN_LOCAL,1000208001,1791481879892730880,,1791481879916234688,,90422193910688,,90422217413152,
134,135,2,black,90422185585729,90422185631014,0,2674406,1,1,SWAPCHAIN_LOCAL,1000208001,1791481879901063168,,1791481879924568000,,90422202242976,,90422225746464,
135,136,0,white,90422193917678,90422193958866,0,2674407,1,1,SWAPCHAIN_LOCAL,1000208001,1791481879909402624,,1791481879932901344,,90422210582432,,90422234079808,
136,137,1,black,90422202250388,90422202290684,0,2674408,1,1,SWAPCHAIN_LOCAL,1000208001,1791481879917735936,,1791481879941234656,,90422218915744,,90422242413120,
137,138,2,white,90422210588889,90422210630388,0,2674409,1,1,SWAPCHAIN_LOCAL,1000208001,1791481879926069248,,1791481879949568000,,90422227249056,,90422250746464,
138,139,0,black,90422218925015,90422218976002,0,2674410,1,1,SWAPCHAIN_LOCAL,1000208001,1791481879934396416,,1791481879957901344,,90422235576224,,90422259079808,
139,140,1,white,90422227257005,90422227301499,0,2674411,1,1,SWAPCHAIN_LOCAL,1000208001,1791481879942729728,,1791481879966234688,,90422243909536,,90422267413152,
140,141,2,black,90422235585006,90422235633026,0,2674412,1,1,SWAPCHAIN_LOCAL,1000208001,1791481879951064064,,1791481879974568000,,90422252243872,,90422275746464,
141,142,0,white,90422243917486,90422243971017,0,2674413,1,1,SWAPCHAIN_LOCAL,1000208001,1791481879959392256,,1791481879982901344,,90422260572064,,90422284079808,
142,143,1,black,90422252253181,90422252306953,0,2674414,1,1,SWAPCHAIN_LOCAL,1000208001,1791481879967729664,,1791481879991234688,,90422268909472,,90422292413152,
143,144,2,white,90422260580922,90422260635295,0,2674415,1,1,SWAPCHAIN_LOCAL,1000208001,1791481879976065024,,1791481879999568000,,90422277244832,,90422300746464,
144,145,0,black,90422268918502,90422268972283,0,2674416,1,1,SWAPCHAIN_LOCAL,1000208001,1791481879984398336,,1791481880007901344,,90422285578144,,90422309079808,
145,146,1,white,90422277252634,90422277303551,0,2674417,1,1,SWAPCHAIN_LOCAL,1000208001,1791481879992726528,,1791481880016234688,,90422293906336,,90422317413152,
146,147,2,black,90422285585855,90422285638986,0,2674418,1,1,SWAPCHAIN_LOCAL,1000208001,1791481880001064960,,1791481880024568000,,90422302244768,,90422325746464,
147,148,0,white,90422293971306,90422294094008,0,2674419,1,1,SWAPCHAIN_LOCAL,1000208001,1791481880009394176,,1791481880032901344,,90422310573984,,90422334079808,
148,149,1,black,90422302305739,90422302412000,0,2674420,1,1,SWAPCHAIN_LOCAL,1000208001,1791481880017734656,,1791481880041234688,,90422318914464,,90422342413152,
149,150,2,white,90422311018558,90422311137793,0,2674421,1,1,SWAPCHAIN_LOCAL,1000208001,1791481880026068992,,1791481880049568000,,90422327248800,,90422350746464,
150,151,0,black,90422318984715,90422319105774,0,2674422,1,1,SWAPCHAIN_LOCAL,1000208001,1791481880034395136,,1791481880057901344,,90422335574944,,90422359079808,
151,152,1,white,90422327306014,90422327412164,0,2674423,1,1,SWAPCHAIN_LOCAL,1000208001,1791481880042728448,,1791481880066234688,,90422343908256,,90422367413152,
152,153,2,black,90422335642461,90422335756406,0,2674424,1,1,SWAPCHAIN_LOCAL,1000208001,1791481880051062784,,1791481880074568000,,90422352242592,,90422375746464,
153,154,0,white,90422343962998,90422344097582,0,2674425,1,1,SWAPCHAIN_LOCAL,1000208001,1791481880059393024,,1791481880082901344,,90422360572832,,90422384079808,
154,155,1,black,90422352309845,90422352418991,0,2674426,1,1,SWAPCHAIN_LOCAL,1000208001,1791481880067735552,,1791481880091234688,,90422368915360,,90422392413152,
155,156,2,white,90422360589665,90422360640641,0,2674427,1,1,SWAPCHAIN_LOCAL,1000208001,1791481880076056576,,1791481880099568000,,90422377236384,,90422400746464,
156,157,0,black,90422368973843,90422369105542,0,2674428,1,1,SWAPCHAIN_LOCAL,1000208001,1791481880084395008,,1791481880107901344,,90422385574816,,90422409079808,
157,158,1,white,90422377301203,90422377411832,0,2674429,1,1,SWAPCHAIN_LOCAL,1000208001,1791481880092723200,,1791481880116234688,,90422393903008,,90422417413152,
158,159,2,black,90422385633201,90422385739242,0,2674430,1,1,SWAPCHAIN_LOCAL,1000208001,1791481880101062656,,1791481880124568000,,90422402242464,,90422425746464,
159,160,0,white,90422393968897,90422394092501,0,2674431,1,1,SWAPCHAIN_LOCAL,1000208001,1791481880109401088,,1791481880132901344,,90422410580896,,90422434079808,
160,161,1,black,90422402310755,90422402417697,0,2674432,1,1,SWAPCHAIN_LOCAL,1000208001,1791481880117723136,,1791481880141234688,,90422418902944,,90422442413152,
161,162,2,white,90422410597188,90422410651871,0,2674433,1,1,SWAPCHAIN_LOCAL,1000208001,1791481880126059520,,1791481880149568000,,90422427239328,,90422450746464,
162,163,0,black,90422418968661,90422419096683,0,2674434,1,1,SWAPCHAIN_LOCAL,1000208001,1791481880134394880,,1791481880157901344,,90422435574688,,90422459079808,
163,164,1,white,90422427301532,90422427411540,0,2674435,1,1,SWAPCHAIN_LOCAL,1000208001,1791481880142728192,,1791481880166234688,,90422443908000,,90422467413152,
164,165,2,black,90422435627970,90422435736435,0,2674436,1,1,SWAPCHAIN_LOCAL,1000208001,1791481880151070720,,1791481880174568000,,90422452250528,,90422475746464,
165,166,0,white,90422444321323,90422444429868,0,2674437,1,1,SWAPCHAIN_LOCAL,1000208001,1791481880159404032,,1791481880182901344,,90422460583840,,90422484079808,
166,167,1,black,90422452317346,90422452430610,0,2674438,1,1,SWAPCHAIN_LOCAL,1000208001,1791481880167724032,,1791481880191234688,,90422468903840,,90422492413152,
167,168,2,white,90422460638404,90422460749764,0,2674439,1,1,SWAPCHAIN_LOCAL,1000208001,1791481880176057344,,1791481880199568000,,90422477237152,,90422500746464,
168,169,0,black,90422468968399,90422469094036,0,2674440,1,1,SWAPCHAIN_LOCAL,1000208001,1791481880184399872,,1791481880207901344,,90422485579680,,90422509079808,
169,170,1,white,90422477299416,90422477408873,0,2674441,1,1,SWAPCHAIN_LOCAL,1000208001,1791481880192732160,,1791481880216234688,,90422493911968,,90422517413152,
170,171,2,black,90422485640572,90422485746192,0,2674442,1,1,SWAPCHAIN_LOCAL,1000208001,1791481880201062400,,1791481880224568000,,90422502242208,,90422525746464,
171,172,0,white,90422493965457,90422494089071,0,2674443,1,1,SWAPCHAIN_LOCAL,1000208001,1791481880209396736,,1791481880232901344,,90422510576544,,90422534079808,
172,173,1,black,90422502311323,90422502429406,0,2674444,1,1,SWAPCHAIN_LOCAL,1000208001,1791481880217731072,,1791481880241234688,,90422518910880,,90422542413152,
173,174,2,white,90422510640346,90422510748100,0,2674445,1,1,SWAPCHAIN_LOCAL,1000208001,1791481880226059264,,1791481880249568000,,90422527239072,,90422550746464,
174,175,0,black,90422518965021,90422519087222,0,2674446,1,1,SWAPCHAIN_LOCAL,1000208001,1791481880234395648,,1791481880257901344,,90422535575456,,90422559079808,
175,176,1,white,90422527301729,90422527414642,0,2674447,1,1,SWAPCHAIN_LOCAL,1000208001,1791481880242732032,,1791481880266234688,,90422543911840,,90422567413152,
176,177,2,black,90422535640771,90422535748825,0,2674448,1,1,SWAPCHAIN_LOCAL,1000208001,1791481880251062272,,1791481880274568000,,90422552242080,,90422575746464,
177,178,0,white,90422544323883,90422544431366,0,2674449,1,1,SWAPCHAIN_LOCAL,1000208001,1791481880259396608,,1791481880282901344,,90422560576416,,90422584079808,
178,179,1,black,90422552256828,90422552300390,0,2674450,1,1,SWAPCHAIN_LOCAL,1000208001,1791481880267732992,,1791481880291234688,,90422568912800,,90422592413152,
179,180,2,white,90422560584579,90422560638451,0,2674451,1,1,SWAPCHAIN_LOCAL,1000208001,1791481880276062208,,1791481880299568000,,90422577242016,,90422600746464,
180,181,0,black,90422568926506,90422568977813,0,2674452,1,1,SWAPCHAIN_LOCAL,1000208001,1791481880284399616,,1791481880307901344,,90422585579424,,90422609079808,
181,182,1,white,90422577466158,90422577580995,0,2674453,1,1,SWAPCHAIN_LOCAL,1000208001,1791481880292731904,,1791481880316234688,,90422593911712,,90422617413152,
182,183,2,black,90422585638415,90422585750246,0,2674454,1,1,SWAPCHAIN_LOCAL,1000208001,1791481880301059072,,1791481880324568000,,90422602238880,,90422625746464,
183,184,0,white,90422593982526,90422594105879,0,2674455,1,1,SWAPCHAIN_LOCAL,1000208001,1791481880309395456,,1791481880332901344,,90422610575264,,90422634079808,
184,185,1,black,90422602312792,90422602420446,0,2674456,1,1,SWAPCHAIN_LOCAL,1000208001,1791481880317727744,,1791481880341234688,,90422618907552,,90422642413152,
185,186,2,white,90422610641094,90422610754568,0,2674457,1,1,SWAPCHAIN_LOCAL,1000208001,1791481880326060032,,1791481880349568000,,90422627239840,,90422650746464,
186,187,0,black,90422618964307,90422619091307,0,2674458,1,1,SWAPCHAIN_LOCAL,1000208001,1791481880334400512,,1791481880357901344,,90422635580320,,90422659079808,
187,188,1,white,90422627307165,90422627415580,0,2674459,1,1,SWAPCHAIN_LOCAL,1000208001,1791481880342731776,,1791481880366234688,,90422643911584,,90422667413152,
188,189,2,black,90422635597245,90422635656898,0,2674460,1,1,SWAPCHAIN_LOCAL,1000208001,1791481880351056896,,1791481880374568000,,90422652236704,,90422675746464,
189,190,0,white,90422644317668,90422644425793,0,2674461,1,1,SWAPCHAIN_LOCAL,1000208001,1791481880359402496,,1791481880382901344,,90422660582304,,90422684079808,
190,191,1,black,90422652309885,90422652420163,0,2674462,1,1,SWAPCHAIN_LOCAL,1000208001,1791481880367732736,,1791481880391234688,,90422668912544,,90422692413152,
191,192,2,white,90422660642646,90422660749788,0,2674463,1,1,SWAPCHAIN_LOCAL,1000208001,1791481880376067072,,1791481880399568000,,90422677246880,,90422700746464,
192,193,0,black,90422668972159,90422669095502,0,2674464,1,1,SWAPCHAIN_LOCAL,1000208001,1791481880384395264,,1791481880407901344,,90422685575072,,90422709079808,
193,194,1,white,90422677305381,90422677412583,0,2674465,1,1,SWAPCHAIN_LOCAL,1000208001,1791481880392731648,,1791481880416234688,,90422693911456,,90422717413152,
194,195,2,black,90422685637960,90422685746816,0,2674466,1,1,SWAPCHAIN_LOCAL,1000208001,1791481880401064960,,1791481880424568000,,90422702244768,,90422725746464,
195,196,0,white,90422693928701,90422693992431,0,2674467,1,1,SWAPCHAIN_LOCAL,1000208001,1791481880409398272,,1791481880432901344,,90422710578080,,90422734079808,
196,197,1,black,90422702254128,90422702302990,0,2674468,1,1,SWAPCHAIN_LOCAL,1000208001,1791481880417731584,,1791481880441234688,,90422718911392,,90422742413152,
197,198,2,white,90422710629529,90422710740118,0,2674469,1,1,SWAPCHAIN_LOCAL,1000208001,1791481880426057728,,1791481880449568000,,90422727237536,,90422750746464,
198,199,0,black,90422719307651,90422719417669,0,2674470,1,1,SWAPCHAIN_LOCAL,1000208001,1791481880434397184,,1791481880457901344,,90422735576992,,90422759079808,
199,200,1,white,90422727306331,90422727420486,0,2674471,1,1,SWAPCHAIN_LOCAL,1000208001,1791481880442730496,,1791481880466234688,,90422743910304,,90422767413152,
200,201,2,black,90422735646434,90422735758126,0,2674472,1,1,SWAPCHAIN_LOCAL,1000208001,1791481880451060736,,1791481880474568000,,90422752240544,,90422775746464,
201,202,0,white,90422743972362,90422744097839,0,2674473,1,1,SWAPCHAIN_LOCAL,1000208001,1791481880459396096,,1791481880482901344,,90422760575904,,90422784079808,
202,203,1,black,90422752302978,90422752411583,0,2674474,1,1,SWAPCHAIN_LOCAL,1000208001,1791481880467730432,,1791481880491234688,,90422768910240,,90422792413152,
203,204,2,white,90422760631090,90422760738884,0,2674475,1,1,SWAPCHAIN_LOCAL,1000208001,1791481880476060672,,1791481880499568000,,90422777240480,,90422800746464,
204,205,0,black,90422769443246,90422769549417,0,2674476,1,1,SWAPCHAIN_LOCAL,1000208001,1791481880484402176,,1791481880507901344,,90422785581984,,90422809079808,
205,206,1,white,90422777299365,90422777410245,0,2674477,1,1,SWAPCHAIN_LOCAL,1000208001,1791481880492729344,,1791481880516234688,,90422793909152,,90422817413152,
206,207,2,black,90422785597971,90422785652825,0,2674478,1,1,SWAPCHAIN_LOCAL,1000208001,1791481880501066752,,1791481880524568000,,90422802246560,,90422825746464,
207,208,0,white,90422793973102,90422794106434,0,2674479,1,1,SWAPCHAIN_LOCAL,1000208001,1791481880509396992,,1791481880532901344,,90422810576800,,90422834079808,
208,209,1,black,90422802263872,90422802320399,0,2674480,1,1,SWAPCHAIN_LOCAL,1000208001,1791481880517726208,,1791481880541234688,,90422818906016,,90422842413152,
209,210,2,white,90422810635426,90422810743991,0,2674481,1,1,SWAPCHAIN_LOCAL,1000208001,1791481880526064640,,1791481880549568000,,90422827244448,,90422850746464,
210,211,0,black,90422818972896,90422819114163,0,2674482,1,1,SWAPCHAIN_LOCAL,1000208001,1791481880534393856,,1791481880557901344,,90422835573664,,90422859079808,
211,212,1,white,90422827311998,90422827421234,0,2674483,1,1,SWAPCHAIN_LOCAL,1000208001,1791481880542736384,,1791481880566234688,,90422843916192,,90422867413152,
212,213,2,black,90422835591297,90422835642674,0,2674484,1,1,SWAPCHAIN_LOCAL,1000208001,1791481880551059456,,1791481880574568000,,90422852239264,,90422875746464,
213,214,0,white,90422843974041,90422844098537,0,2674485,1,1,SWAPCHAIN_LOCAL,1000208001,1791481880559398912,,1791481880582901344,,90422860578720,,90422884079808,
214,215,1,black,90422852302434,90422852416900,0,2674486,1,1,SWAPCHAIN_LOCAL,1000208001,1791481880567728128,,1791481880591234688,,90422868907936,,90422892413152,
215,216,2,white,90422860910124,90422861035581,0,2674487,1,1,SWAPCHAIN_LOCAL,1000208001,1791481880576061440,,1791481880599568000,,90422877241248,,90422900746464,
216,217,0,black,90422868970489,90422869102448,0,2674488,1,1,SWAPCHAIN_LOCAL,1000208001,1791481880584398848,,1791481880607901344,,90422885578656,,90422909079808,
217,218,1,white,90422877314090,90422877427033,0,2674489,1,1,SWAPCHAIN_LOCAL,1000208001,1791481880592732160,,1791481880616234688,,90422893911968,,90422917413152,
218,219,2,black,90422885597637,90422885654064,0,2674490,1,1,SWAPCHAIN_LOCAL,1000208001,1791481880601065472,,1791481880624568000,,90422902245280,,90422925746464,
219,220,0,white,90422893957979,90422894054462,0,2674491,1,1,SWAPCHAIN_LOCAL,1000208001,1791481880609394688,,1791481880632901344,,90422910574496,,90422934079808,
220,221,1,black,90422902258599,90422902308764,0,2674492,1,1,SWAPCHAIN_LOCAL,1000208001,1791481880617731072,,1791481880641234688,,90422918910880,,90422942413152,
221,222,2,white,90422910986296,90422911108256,0,2674493,1,1,SWAPCHAIN_LOCAL,1000208001,1791481880626062336,,1791481880649568000,,90422927242144,,90422950746464,
222,223,0,black,90422918969205,90422919103088,0,2674494,1,1,SWAPCHAIN_LOCAL,1000208001,1791481880634401792,,1791481880657901344,,90422935581600,,90422959079808,
223,224,1,white,90422927311093,90422927423104,0,2674495,1,1,SWAPCHAIN_LOCAL,1000208001,1791481880642735104,,1791481880666234688,,90422943914912,,90422967413152,
224,225,2,black,90422935598377,90422935653631,0,2674496,1,1,SWAPCHAIN_LOCAL,1000208001,1791481880651057152,,1791481880674568000,,90422952236960,,90422975746464,
225,226,0,white,90422943972956,90422944094536,0,2674497,1,1,SWAPCHAIN_LOCAL,1000208001,1791481880659403776,,1791481880682901344,,90422960583584,,90422984079808,
226,227,1,black,90422952310376,90422952417698,0,2674498,1,1,SWAPCHAIN_LOCAL,1000208001,1791481880667730944,,1791481880691234688,,90422968910752,,90422992413152,
227,228,2,white,90422960994740,90422961115098,0,2674499,1,1,SWAPCHAIN_LOCAL,1000208001,1791481880676059136,,1791481880699568000,,90422977238944,,90423000746464,
228,229,0,black,90422968973391,90422969096784,0,2674500,1,1,SWAPCHAIN_LOCAL,1000208001,1791481880684401664,,1791481880707901344,,90422985581472,,90423009079808,
229,230,1,white,90422977299669,90422977411891,0,2674501,1,1,SWAPCHAIN_LOCAL,1000208001,1791481880692731904,,1791481880716234688,,90422993911712,,90423017413152,
230,231,2,black,90422985646436,90422985755041,0,2674502,1,1,SWAPCHAIN_LOCAL,1000208001,1791481880701057024,,1791481880724568000,,90423002236832,,90423025746464,
231,232,0,white,90422993967795,90422994091569,0,2674503,1,1,SWAPCHAIN_LOCAL,1000208001,1791481880709397504,,1791481880732901344,,90423010577312,,90423034079808,
232,233,1,black,90423002307909,90423002425090,0,2674504,1,1,SWAPCHAIN_LOCAL,1000208001,1791481880717732864,,1791481880741234688,,90423018912672,,90423042413152,
233,234,2,white,90423010633185,90423010740428,0,2674505,1,1,SWAPCHAIN_LOCAL,1000208001,1791481880726063104,,1791481880749568000,,90423027242912,,90423050746464,
234,235,0,black,90423019324072,90423019432267,0,2674506,1,1,SWAPCHAIN_LOCAL,1000208001,1791481880734399488,,1791481880757901344,,90423035579296,,90423059079808,
235,236,1,white,90423027303715,90423027422870,0,2674507,1,1,SWAPCHAIN_LOCAL,1000208001,1791481880742735872,,1791481880766234688,,90423043915680,,90423067413152,
236,237,2,black,90423035644220,90423035752444,0,2674508,1,1,SWAPCHAIN_LOCAL,1000208001,1791481880751069184,,1791481880774568000,,90423052248992,,90423075746464,
237,238,0,white,90423043972723,90423044097258,0,2674509,1,1,SWAPCHAIN_LOCAL,1000208001,1791481880759401472,,1791481880782901344,,90423060581280,,90423084079808,
238,239,1,black,90423052309620,90423052420550,0,2674510,1,1,SWAPCHAIN_LOCAL,1000208001,1791481880767731712,,1791481880791234656,,90423068911520,,90423092413120,
239,240,2,white,90423060599990,90423060658631,0,2674511,1,1,SWAPCHAIN_LOCAL,1000208001,1791481880776066048,,1791481880799568000,,90423077245856,,90423100746464,
240,241,0,black,90423069327297,90423069434890,0,2674512,1,1,SWAPCHAIN_LOCAL,1000208001,1791481880784400384,,1791481880807901344,,90423085580192,,90423109079808,
241,242,1,white,90423077300227,90423077409012,0,2674513,1,1,SWAPCHAIN_LOCAL,1000208001,1791481880792729600,,1791481880816234688,,90423093909408,,90423117413152,
242,243,2,black,90423085646923,90423085755438,0,2674514,1,1,SWAPCHAIN_LOCAL,1000208001,1791481880801060864,,1791481880824568000,,90423102240672,,90423125746464,
243,244,0,white,90423093980505,90423094097577,0,2674515,1,1,SWAPCHAIN_LOCAL,1000208001,1791481880809399296,,1791481880832901344,,90423110579104,,90423134079808,
244,245,1,black,90423102301173,90423102407524,0,2674516,1,1,SWAPCHAIN_LOCAL,1000208001,1791481880817730560,,1791481880841234688,,90423118910368,,90423142413152,
245,246,2,white,90423110645254,90423110757637,0,2674517,1,1,SWAPCHAIN_LOCAL,1000208001,1791481880826058752,,1791481880849568000,,90423127238560,,90423150746464,
246,247,0,black,90423118928220,90423118984407,0,2674518,1,1,SWAPCHAIN_LOCAL,1000208001,1791481880834399232,,1791481880857901344,,90423135579040,,90423159079808,
247,248,1,white,90423127246924,90423127294945,0,2674519,1,1,SWAPCHAIN_LOCAL,1000208001,1791481880842731520,,1791481880866234688,,90423143911328,,90423167413152,
248,249,2,black,90423135645879,90423135760456,0,2674520,1,1,SWAPCHAIN_LOCAL,1000208001,1791481880851066880,,1791481880874568000,,90423152246688,,90423175746464,
249,250,0,white,90423143972258,90423144097244,0,2674521,1,1,SWAPCHAIN_LOCAL,1000208001,1791481880859395072,,1791481880882901344,,90423160574880,,90423184079808,
250,251,1,black,90423152315579,90423152422290,0,2674522,1,1,SWAPCHAIN_LOCAL,1000208001,1791481880867723264,,1791481880891234688,,90423168903072,,90423192413152,
251,252,2,white,90423160591851,90423160647226,0,2674523,1,1,SWAPCHAIN_LOCAL,1000208001,1791481880876057600,,1791481880899568000,,90423177237408,,90423200746464,
252,253,0,black,90423168912078,90423168964788,0,2674524,1,1,SWAPCHAIN_LOCAL,1000208001,1791481880884402176,,1791481880907901344,,90423185581984,,90423209079808,
253,254,1,white,90423177302928,90423177410782,0,2674525,1,1,SWAPCHAIN_LOCAL,1000208001,1791481880892730368,,1791481880916234688,,90423193910176,,90423217413152,
254,255,2,black,90423185599170,90423185654975,0,2674526,1,1,SWAPCHAIN_LOCAL,1000208001,1791481880901059584,,1791481880924568000,,90423202239392,,90423225746464,
255,256,0,white,90423193920969,90423193974881,0,2674527,1,1,SWAPCHAIN_LOCAL,1000208001,1791481880909396992,,1791481880932901344,,90423210576800,,90423234079808,
256,257,1,black,90423202247858,90423202297713,0,2674528,1,1,SWAPCHAIN_LOCAL,1000208001,1791481880917729280,,1791481880941234688,,90423218909088,,90423242413152,
257,258,2,white,90423210636985,90423210748416,0,2674529,1,1,SWAPCHAIN_LOCAL,1000208001,1791481880926062592,,1791481880949568000,,90423227242400,,90423250746464,
258,259,0,black,90423218972491,90423219120491,0,2674530,1,1,SWAPCHAIN_LOCAL,1000208001,1791481880934393856,,1791481880957901344,,90423235573664,,90423259079808,
259,260,1,white,90423227303738,90423227412914,0,2674531,1,1,SWAPCHAIN_LOCAL,1000208001,1791481880942730240,,1791481880966234688,,90423243910048,,90423267413152,
260,261,2,black,90423235647780,90423235755394,0,2674532,1,1,SWAPCHAIN_LOCAL,1000208001,1791481880951066624,,1791481880974568000,,90423252246432,,90423275746464,
261,262,0,white,90423244334008,90423244443365,0,2674533,1,1,SWAPCHAIN_LOCAL,1000208001,1791481880959401984,,1791481880982901344,,90423260581792,,90423284079808,
262,263,1,black,90423252310175,90423252419211,0,2674534,1,1,SWAPCHAIN_LOCAL,1000208001,1791481880967735296,,1791481880991234688,,90423268915104,,90423292413152,
263,264,2,white,90423260644267,90423260752442,0,2674535,1,1,SWAPCHAIN_LOCAL,1000208001,1791481880976064512,,1791481880999568000,,90423277244320,,90423300746464,
264,265,0,black,90423268976857,90423269101813,0,2674536,1,1,SWAPCHAIN_LOCAL,1000208001,1791481880984396800,,1791481881007901344,,90423285576608,,90423309079808,
265,266,1,white,90423277654279,90423277764588,0,2674537,1,1,SWAPCHAIN_LOCAL,1000208001,1791481880992728064,,1791481881016234688,,90423293907872,,90423317413152,
266,267,2,black,90423285593085,90423285649381,0,2674538,1,1,SWAPCHAIN_LOCAL,1000208001,1791481881001060352,,1791481881024568000,,90423302240160,,90423325746464,
267,268,0,white,90423293969948,90423294098551,0,2674539,1,1,SWAPCHAIN_LOCAL,1000208001,1791481881009393664,,1791481881032901344,,90423310573472,,90423334079808,
268,269,1,black,90423302257844,90423302317146,0,2674540,1,1,SWAPCHAIN_LOCAL,1000208001,1791481881017731072,,1791481881041234688,,90423318910880,,90423342413152,
269,270,2,white,90423310631121,90423310746609,0,2674541,1,1,SWAPCHAIN_LOCAL,1000208001,1791481881026064384,,1791481881049568000,,90423327244192,,90423350746464,
270,271,0,black,90423318934556,90423318991774,0,2674542,1,1,SWAPCHAIN_LOCAL,1000208001,1791481881034397696,,1791481881057901344,,90423335577504,,90423359079808,
271,272,1,white,90423327305178,90423327414985,0,2674543,1,1,SWAPCHAIN_LOCAL,1000208001,1791481881042727936,,1791481881066234688,,90423343907744,,90423367413152,
272,273,2,black,90423335638198,90423335745390,0,2674544,1,1,SWAPCHAIN_LOCAL,1000208001,1791481881051063296,,1791481881074568000,,90423352243104,,90423375746464,
273,274,0,white,90423343952634,90423344091035,0,2674545,1,1,SWAPCHAIN_LOCAL,1000208001,1791481881059392512,,1791481881082901344,,90423360572320,,90423384079808,
274,275,1,black,90423352312646,90423352419227,0,2674546,1,1,SWAPCHAIN_LOCAL,1000208001,1791481881067734016,,1791481881091234688,,90423368913824,,90423392413152,
275,276,2,white,90423360633924,90423360742159,0,2674547,1,1,SWAPCHAIN_LOCAL,1000208001,1791481881076065280,,1791481881099568000,,90423377245088,,90423400746464,
276,277,0,black,90423368978457,90423369100628,0,2674548,1,1,SWAPCHAIN_LOCAL,1000208001,1791481881084395520,,1791481881107901344,,90423385575328,,90423409079808,
277,278,1,white,90423377313131,90423377421806,0,2674549,1,1,SWAPCHAIN_LOCAL,1000208001,1791481881092734976,,1791481881116234688,,90423393914784,,90423417413152,
278,279,2,black,90423385625903,90423385734007,0,2674550,1,1,SWAPCHAIN_LOCAL,1000208001,1791481881101065216,,1791481881124568000,,90423402245024,,90423425746464,
279,280,0,white,90423393974494,90423394100142,0,2674551,1,1,SWAPCHAIN_LOCAL,1000208001,1791481881109400576,,1791481881132901344,,90423410580384,,90423434079808,
280,281,1,black,90423402316391,90423402423333,0,2674552,1,1,SWAPCHAIN_LOCAL,1000208001,1791481881117731840,,1791481881141234688,,90423418911648,,90423442413152,
281,282,2,white,90423410638942,90423410746816,0,2674553,1,1,SWAPCHAIN_LOCAL,1000208001,1791481881126064128,,1791481881149568000,,90423427243936,,90423450746464,
282,283,0,black,90423418958788,90423419092601,0,2674554,1,1,SWAPCHAIN_LOCAL,1000208001,1791481881134398464,,1791481881157901344,,90423435578272,,90423459079808,
283,284,1,white,90423427306547,90423427418528,0,2674555,1,1,SWAPCHAIN_LOCAL,1000208001,1791481881142731776,,1791481881166234688,,90423443911584,,90423467413152,
284,285,2,black,90423435590815,90423435646160,0,2674556,1,1,SWAPCHAIN_LOCAL,1000208001,1791481881151060992,,1791481881174568000,,90423452240800,,90423475746464,
285,286,0,white,90423443973510,90423444100109,0,2674557,1,1,SWAPCHAIN_LOCAL,1000208001,1791481881159391232,,1791481881182901344,,90423460571040,,90423484079808,
286,287,1,black,90423452306270,90423452414024,0,2674558,1,1,SWAPCHAIN_LOCAL,1000208001,1791481881167734784,,1791481881191234656,,90423468914592,,90423492413120,
287,288,2,white,90423460644181,90423460752175,0,2674559,1,1,SWAPCHAIN_LOCAL,1000208001,1791481881176065024,,1791481881199568000,,90423477244832,,90423500746464,
288,289,0,black,90423468977401,90423469101906,0,2674560,1,1,SWAPCHAIN_LOCAL,1000208001,1791481881184396288,,1791481881207901344,,90423485576096,,90423509079808,
289,290,1,white,90423477311274,90423477425490,0,2674561,1,1,SWAPCHAIN_LOCAL,1000208001,1791481881192728576,,1791481881216234688,,90423493908384,,90423517413152,
290,291,2,black,90423485596935,90423485651638,0,2674562,1,1,SWAPCHAIN_LOCAL,1000208001,1791481881201061888,,1791481881224568000,,90423502241696,,90423525746464,
291,292,0,white,90423493966986,90423494101160,0,2674563,1,1,SWAPCHAIN_LOCAL,1000208001,1791481881209395200,,1791481881232901344,,90423510575008,,90423534079808,
292,293,1,black,90423502304595,90423502411577,0,2674564,1,1,SWAPCHAIN_LOCAL,1000208001,1791481881217730560,,1791481881241234688,,90423518910368,,90423542413152,
293,294,2,white,90423510631815,90423510739238,0,2674565,1,1,SWAPCHAIN_LOCAL,1000208001,1791481881226057728,,1791481881249568000,,90423527237536,,90423550746464,
294,295,0,black,90423518973653,90423519096765,0,2674566,1,1,SWAPCHAIN_LOCAL,1000208001,1791481881234404352,,1791481881257901344,,90423535584160,,90423559079808,
295,296,1,white,90423527255096,90423527310791,0,2674567,1,1,SWAPCHAIN_LOCAL,1000208001,1791481881242727424,,1791481881266234688,,90423543907232,,90423567413152,
296,297,2,black,90423535645525,90423535755353,0,2674568,1,1,SWAPCHAIN_LOCAL,1000208001,1791481881251062784,,1791481881274568000,,90423552242592,,90423575746464,
297,298,0,white,90423543925085,90423543985018,0,2674569,1,1,SWAPCHAIN_LOCAL,1000208001,1791481881259400192,,1791481881282901344,,90423560580000,,90423584079808,
298,299,1,black,90423552253137,90423552307199,0,2674570,1,1,SWAPCHAIN_LOCAL,1000208001,1791481881267730432,,1791481881291234688,,90423568910240,,90423592413152,
299,300,2,white,90423560590465,90423560646301,0,2674571,1,1,SWAPCHAIN_LOCAL,1000208001,1791481881276061696,,1791481881299568000,,90423577241504,,90423600746464,
300,301,0,black,90423568973672,90423569098638,0,2674572,1,1,SWAPCHAIN_LOCAL,1000208001,1791481881284396032,,1791481881307901344,,90423585575840,,90423609079808,
301,302,1,white,90423577305760,90423577412983,0,2674573,1,1,SWAPCHAIN_LOCAL,1000208001,1791481881292731392,,1791481881316234688,,90423593911200,,90423617413152,
302,303,2,black,90423585639372,90423585749420,0,2674574,1,1,SWAPCHAIN_LOCAL,1000208001,1791481881301057536,,1791481881324568000,,90423602237344,,90423625746464,
303,304,0,white,90423593929792,90423593983964,0,2674575,1,1,SWAPCHAIN_LOCAL,1000208001,1791481881309400064,,1791481881332901344,,90423610579872,,90423634079808,
304,305,1,black,90423602316665,90423602427695,0,2674576,1,1,SWAPCHAIN_LOCAL,1000208001,1791481881317734400,,1791481881341234688,,90423618914208,,90423642413152,
305,306,2,white,90423611017701,90423611127709,0,2674577,1,1,SWAPCHAIN_LOCAL,1000208001,1791481881326061568,,1791481881349568000,,90423627241376,,90423650746464,
306,307,0,black,90423618988909,90423619109126,0,2674578,1,1,SWAPCHAIN_LOCAL,1000208001,1791481881334394880,,1791481881357901344,,90423635574688,,90423659079808,
307,308,1,white,90423627301570,90423627412890,0,2674579,1,1,SWAPCHAIN_LOCAL,1000208001,1791481881342734336,,1791481881366234688,,90423643914144,,90423667413152,
308,309,2,black,90423635625915,90423635734349,0,2674580,1,1,SWAPCHAIN_LOCAL,1000208001,1791481881351066624,,1791481881374568000,,90423652246432,,90423675746464,
309,310,0,white,90423643971349,90423644096205,0,2674581,1,1,SWAPCHAIN_LOCAL,1000208001,1791481881359398912,,1791481881382901344,,90423660578720,,90423684079808,
310,311,1,black,90423652308587,90423652415610,0,2674582,1,1,SWAPCHAIN_LOCAL,1000208001,1791481881367727104,,1791481881391234688,,90423668906912,,90423692413152,
311,312,2,white,90423660642039,90423660756726,0,2674583,1,1,SWAPCHAIN_LOCAL,1000208001,1791481881376061440,,1791481881399568000,,90423677241248,,90423700746464,
312,313,0,black,90423668924344,90423668978757,0,2674584,1,1,SWAPCHAIN_LOCAL,1000208001,1791481881384394752,,1791481881407901344,,90423685574560,,90423709079808,
313,314,1,white,90423677308221,90423677422467,0,2674585,1,1,SWAPCHAIN_LOCAL,1000208001,1791481881392727040,,1791481881416234688,,90423693906848,,90423717413152,
314,315,2,black,90423685635050,90423685743565,0,2674586,1,1,SWAPCHAIN_LOCAL,1000208001,1791481881401065472,,1791481881424568000,,90423702245280,,90423725746464,
315,316,0,white,90423693974974,90423694104419,0,2674587,1,1,SWAPCHAIN_LOCAL,1000208001,1791481881409400832,,1791481881432901344,,90423710580640,,90423734079808,
316,317,1,black,90423702306742,90423702416650,0,2674588,1,1,SWAPCHAIN_LOCAL,1000208001,1791481881417737216,,1791481881441234688,,90423718917024,,90423742413152,
317,318,2,white,90423710643650,90423710752216,0,2674589,1,1,SWAPCHAIN_LOCAL,1000208001,1791481881426060288,,1791481881449568000,,90423727240096,,90423750746464,
318,319,0,black,90423719330560,90423719439486,0,2674590,1,1,SWAPCHAIN_LOCAL,1000208001,1791481881434398720,,1791481881457901344,,90423735578528,,90423759079808,
319,320,1,white,90423727300444,90423727408669,0,2674591,1,1,SWAPCHAIN_LOCAL,1000208001,1791481881442734080,,1791481881466234688,,90423743913888,,90423767413152,
320,321,2,black,90423735650037,90423735762389,0,2674592,1,1,SWAPCHAIN_LOCAL,1000208001,1791481881451060224,,1791481881474568000,,90423752240032,,90423775746464,
321,322,0,white,90423743974692,90423744099107,0,2674593,1,1,SWAPCHAIN_LOCAL,1000208001,1791481881459400704,,1791481881482901344,,90423760580512,,90423784079808,
322,323,1,black,90423752256896,90423752312652,0,2674594,1,1,SWAPCHAIN_LOCAL,1000208001,1791481881467728896,,1791481881491234688,,90423768908704,,90423792413152,
323,324,2,white,90423760636695,90423760748747,0,2674595,1,1,SWAPCHAIN_LOCAL,1000208001,1791481881476066304,,1791481881499568000,,90423777246112,,90423800746464,
324,325,0,black,90423768926104,90423768982841,0,2674596,1,1,SWAPCHAIN_LOCAL,1000208001,1791481881484397568,,1791481881507901344,,90423785577376,,90423809079808,
325,326,1,white,90423777306344,90423777415490,0,2674597,1,1,SWAPCHAIN_LOCAL,1000208001,1791481881492731904,,1791481881516234688,,90423793911712,,90423817413152,
326,327,2,black,90423785645566,90423785757778,0,2674598,1,1,SWAPCHAIN_LOCAL,1000208001,1791481881501064192,,1791481881524568000,,90423802244000,,90423825746464,
327,328,0,white,90423793971474,90423794103023,0,2674599,1,1,SWAPCHAIN_LOCAL,1000208001,1791481881509396480,,1791481881532901344,,90423810576288,,90423834079808,
328,329,1,black,90423802306358,90423802413791,0,2674600,1,1,SWAPCHAIN_LOCAL,1000208001,1791481881517730816,,1791481881541234656,,90423818910624,,90423842413120,
329,330,2,white,90423810639599,90423810751781,0,2674601,1,1,SWAPCHAIN_LOCAL,1000208001,1791481881526063104,,1791481881549568000,,90423827242912,,90423850746464,
330,331,0,black,90423818977640,90423819100512,0,2674602,1,1,SWAPCHAIN_LOCAL,1000208001,1791481881534396416,,1791481881557901344,,90423835576224,,90423859079808,
331,332,1,white,90423827304528,90423827413675,0,2674603,1,1,SWAPCHAIN_LOCAL,1000208001,1791481881542736896,,1791481881566234688,,90423843916704,,90423867413152,
332,333,2,black,90423835647269,90423835754682,0,2674604,1,1,SWAPCHAIN_LOCAL,1000208001,1791481881551069184,,1791481881574568000,,90423852248992,,90423875746464,
333,334,0,white,90423843957796,90423844078494,0,2674605,1,1,SWAPCHAIN_LOCAL,1000208001,1791481881559400448,,1791481881582901344,,90423860580256,,90423884079808,
334,335,1,black,90423852310103,90423852423267,0,2674606,1,1,SWAPCHAIN_LOCAL,1000208001,1791481881567730688,,1791481881591234688,,90423868910496,,90423892413152,
335,336,2,white,90423860640339,90423860747151,0,2674607,1,1,SWAPCHAIN_LOCAL,1000208001,1791481881576065024,,1791481881599568000,,90423877244832,,90423900746464,
336,337,0,black,90423868971536,90423869092825,0,2674608,1,1,SWAPCHAIN_LOCAL,1000208001,1791481881584401408,,1791481881607901344,,90423885581216,,90423909079808,
337,338,1,white,90423877307833,90423877416839,0,2674609,1,1,SWAPCHAIN_LOCAL,1000208001,1791481881592729600,,1791481881616234688,,90423893909408,,90423917413152,
338,339,2,black,90423885993962,90423886116263,0,2674610,1,1,SWAPCHAIN_LOCAL,1000208001,1791481881601061888,,1791481881624568000,,90423902241696,,90423925746464,
339,340,0,white,90423893968364,90423894115973,0,2674611,1,1,SWAPCHAIN_LOCAL,1000208001,1791481881609398272,,1791481881632901344,,90423910578080,,90423934079808,
340,341,1,black,90423902315422,90423902424277,0,2674612,1,1,SWAPCHAIN_LOCAL,1000208001,1791481881617725440,,1791481881641234688,,90423918905248,,90423942413152,
341,342,2,white,90423910638684,90423910750586,0,2674613,1,1,SWAPCHAIN_LOCAL,1000208001,1791481881626060800,,1791481881649568000,,90423927240608,,90423950746464,
342,343,0,black,90423918970343,90423919098966,0,2674614,1,1,SWAPCHAIN_LOCAL,1000208001,1791481881634396160,,1791481881657901344,,90423935575968,,90423959079808,
343,344,1,white,90423927654487,90423927764575,0,2674615,1,1,SWAPCHAIN_LOCAL,1000208001,1791481881642735616,,1791481881666234688,,90423943915424,,90423967413152,
344,345,2,black,90423935989712,90423936113266,0,2674616,1,1,SWAPCHAIN_LOCAL,1000208001,1791481881651062784,,1791481881674568000,,90423952242592,,90423975746464,
345,346,0,white,90423944328994,90423944442579,0,2674617,1,1,SWAPCHAIN_LOCAL,1000208001,1791481881659400192,,1791481881682901344,,90423960580000,,90423984079808,
346,347,1,black,90423952315781,90423952428083,0,2674618,1,1,SWAPCHAIN_LOCAL,1000208001,1791481881667729408,,1791481881691234688,,90423968909216,,90423992413152,
347,348,2,white,90423960636098,90423960747408,0,2674619,1,1,SWAPCHAIN_LOCAL,1000208001,1791481881676064768,,1791481881699568000,,90423977244576,,90424000746464,
348,349,0,black,90423968966383,90423969092051,0,2674620,1,1,SWAPCHAIN_LOCAL,1000208001,1791481881684391936,,1791481881707901344,,90423985571744,,90424009079808,
349,350,1,white,90423977307028,90423977420944,0,2674621,1,1,SWAPCHAIN_LOCAL,1000208001,1791481881692735488,,1791481881716234688,,90423993915296,,90424017413152,
350,351,2,black,90423985994169,90423986120768,0,2674622,1,1,SWAPCHAIN_LOCAL,1000208001,1791481881701065728,,1791481881724568000,,90424002245536,,90424025746464,
351,352,0,white,90423994333190,90423994442527,0,2674623,1,1,SWAPCHAIN_LOCAL,1000208001,1791481881709400064,,1791481881732901344,,90424010579872,,90424034079808,
352,353,1,black,90424002295040,90424002399137,0,2674624,1,1,SWAPCHAIN_LOCAL,1000208001,1791481881717735424,,1791481881741234688,,90424018915232,,90424042413152,
353,354,2,white,90424010588556,90424010630375,0,2674625,1,1,SWAPCHAIN_LOCAL,1000208001,1791481881726062592,,1791481881749568000,,90424027242400,,90424050746464,
354,355,0,black,90424018925634,90424018976961,0,2674626,1,1,SWAPCHAIN_LOCAL,1000208001,1791481881734398976,,1791481881757901344,,90424035578784,,90424059079808,
355,356,1,white,90424027297058,90424027407386,0,2674627,1,1,SWAPCHAIN_LOCAL,1000208001,1791481881742730240,,1791481881766234688,,90424043910048,,90424067413152,
356,357,2,black,90424035647512,90424035758041,0,2674628,1,1,SWAPCHAIN_LOCAL,1000208001,1791481881751058432,,1791481881774568000,,90424052238240,,90424075746464,
357,358,0,white,90424043972246,90424044096651,0,2674629,1,1,SWAPCHAIN_LOCAL,1000208001,1791481881759393792,,1791481881782901344,,90424060573600,,90424084079808,
358,359,1,black,90424052292694,90424052403012,0,2674630,1,1,SWAPCHAIN_LOCAL,1000208001,1791481881767736320,,1791481881791234656,,90424068916128,,90424092413120,
359,360,2,white,90424060991085,90424061114388,0,2674631,1,1,SWAPCHAIN_LOCAL,1000208001,1791481881776069632,,1791481881799568000,,90424077249440,,90424100746464,
360,361,0,black,90424068983983,90424069107968,0,2674632,1,1,SWAPCHAIN_LOCAL,1000208001,1791481881784396800,,1791481881807901344,,90424085576608,,90424109079808,
361,362,1,white,90424077310201,90424077422824,0,2674633,1,1,SWAPCHAIN_LOCAL,1000208001,1791481881792732160,,1791481881816234688,,90424093911968,,90424117413152,
362,363,2,black,90424085649674,90424085758960,0,2674634,1,1,SWAPCHAIN_LOCAL,1000208001,1791481881801059328,,1791481881824568000,,90424102239136,,90424125746464,
363,364,0,white,90424093929675,90424093985119,0,2674635,1,1,SWAPCHAIN_LOCAL,1000208001,1791481881809394688,,1791481881832901344,,90424110574496,,90424134079808,
364,365,1,black,90424102312820,90424102421044,0,2674636,1,1,SWAPCHAIN_LOCAL,1000208001,1791481881817733120,,1791481881841234688,,90424118912928,,90424142413152,
365,366,2,white,90424110647473,90424110761218,0,2674637,1,1,SWAPCHAIN_LOCAL,1000208001,1791481881826058240,,1791481881849568000,,90424127238048,,90424150746464,
366,367,0,black,90424118971728,90424119097115,0,2674638,1,1,SWAPCHAIN_LOCAL,1000208001,1791481881834402816,,1791481881857901344,,90424135582624,,90424159079808,
367,368,1,white,90424127298868,90424127410579,0,2674639,1,1,SWAPCHAIN_LOCAL,1000208001,1791481881842731008,,1791481881866234688,,90424143910816,,90424167413152,
368,369,2,black,90424135647177,90424135760822,0,2674640,1,1,SWAPCHAIN_LOCAL,1000208001,1791481881851058176,,1791481881874568000,,90424152237984,,90424175746464,
369,370,0,white,90424143932238,90424143986981,0,2674641,1,1,SWAPCHAIN_LOCAL,1000208001,1791481881859399680,,1791481881882901344,,90424160579488,,90424184079808,
370,371,1,black,90424152640257,90424152748321,0,2674642,1,1,SWAPCHAIN_LOCAL,1000208001,1791481881867736064,,1791481881891234688,,90424168915872,,90424192413152,
371,372,2,white,90424160639687,90424160754574,0,2674643,1,1,SWAPCHAIN_LOCAL,1000208001,1791481881876062208,,1791481881899568000,,90424177242016,,90424200746464,
372,373,0,black,90424168977648,90424169100921,0,2674644,1,1,SWAPCHAIN_LOCAL,1000208001,1791481881884398592,,1791481881907901344,,90424185578400,,90424209079808,
373,374,1,white,90424177307142,90424177416348,0,2674645,1,1,SWAPCHAIN_LOCAL,1000208001,1791481881892730880,,1791481881916234688,,90424193910688,,90424217413152,
374,375,2,black,90424185642487,90424185759949,0,2674646,1,1,SWAPCHAIN_LOCAL,1000208001,1791481881901060096,,1791481881924568000,,90424202239904,,90424225746464,
375,376,0,white,90424193971540,90424194097358,0,2674647,1,1,SWAPCHAIN_LOCAL,1000208001,1791481881909401600,,1791481881932901344,,90424210581408,,90424234079808,
376,377,1,black,90424202305954,90424202419198,0,2674648,1,1,SWAPCHAIN_LOCAL,1000208001,1791481881917734912,,1791481881941234688,,90424218914720,,90424242413152,
377,378,2,white,90424210707504,90424210814656,0,2674649,1,1,SWAPCHAIN_LOCAL,1000208001,1791481881926066176,,1791481881949568000,,90424227245984,,90424250746464,
378,379,0,black,90424219325753,90424219435140,0,2674650,1,1,SWAPCHAIN_LOCAL,1000208001,1791481881934393344,,1791481881957901344,,90424235573152,,90424259079808,
379,380,1,white,90424227312199,90424227422368,0,2674651,1,1,SWAPCHAIN_LOCAL,1000208001,1791481881942737920,,1791481881966234688,,90424243917728,,90424267413152,
380,381,2,black,90424235646874,90424235756010,0,2674652,1,1,SWAPCHAIN_LOCAL,1000208001,1791481881951068160,,1791481881974568000,,90424252247968,,90424275746464,
381,382,0,white,90424243976718,90424244105381,0,2674653,1,1,SWAPCHAIN_LOCAL,1000208001,1791481881959404544,,1791481881982901344,,90424260584352,,90424284079808,
382,383,1,black,90424252646335,90424252755311,0,2674654,1,1,SWAPCHAIN_LOCAL,1000208001,1791481881967726592,,1791481881991234688,,90424268906400,,90424292413152,
383,384,2,white,90424260644974,90424260753108,0,2674655,1,1,SWAPCHAIN_LOCAL,1000208001,1791481881976067072,,1791481881999568000,,90424277246880,,90424300746464,
384,385,0,black,90424269288521,90424269399381,0,2674656,1,1,SWAPCHAIN_LOCAL,1000208001,1791481881984395264,,1791481882007901344,,90424285575072,,90424309079808,
385,386,1,white,90424277304673,90424277412918,0,2674657,1,1,SWAPCHAIN_LOCAL,1000208001,1791481881992723456,,1791481882016234688,,90424293903264,,90424317413152,
386,387,2,black,90424285638947,90424285752061,0,2674658,1,1,SWAPCHAIN_LOCAL,1000208001,1791481882001062912,,1791481882024568000,,90424302242720,,90424325746464,
387,388,0,white,90424293969843,90424294098837,0,2674659,1,1,SWAPCHAIN_LOCAL,1000208001,1791481882009394176,,1791481882032901344,,90424310573984,,90424334079808,
388,389,1,black,90424302304287,90424302412732,0,2674660,1,1,SWAPCHAIN_LOCAL,1000208001,1791481882017728512,,1791481882041234688,,90424318908320,,90424342413152,
389,390,2,white,90424311022115,90424311136661,0,2674661,1,1,SWAPCHAIN_LOCAL,1000208001,1791481882026063872,,1791481882049568000,,90424327243680,,90424350746464,
390,391,0,black,90424319369083,90424319477958,0,2674662,1,1,SWAPCHAIN_LOCAL,1000208001,1791481882034399232,,1791481882057901344,,90424335579040,,90424359079808,
391,392,1,white,90424327305473,90424327400773,0,2674663,1,1,SWAPCHAIN_LOCAL,1000208001,1791481882042730496,,1791481882066234688,,90424343910304,,90424367413152,
392,393,2,black,90424335638814,90424335749123,0,2674664,1,1,SWAPCHAIN_LOCAL,1000208001,1791481882051061760,,1791481882074568000,,90424352241568,,90424375746464,
393,394,0,white,90424343976454,90424344109656,0,2674665,1,1,SWAPCHAIN_LOCAL,1000208001,1791481882059401216,,1791481882082901344,,90424360581024,,90424384079808,
394,395,1,black,90424352259791,90424352316979,0,2674666,1,1,SWAPCHAIN_LOCAL,1000208001,1791481882067729408,,1791481882091234688,,90424368909216,,90424392413152,
395,396,2,white,90424360628750,90424360738006,0,2674667,1,1,SWAPCHAIN_LOCAL,1000208001,1791481882076060672,,1791481882099568000,,90424377240480,,90424400746464,
396,397,0,black,90424368928027,90424368985726,0,2674668,1,1,SWAPCHAIN_LOCAL,1000208001,1791481882084398080,,1791481882107901344,,90424385577888,,90424409079808,
397,398,1,white,90424377298067,90424377393227,0,2674669,1,1,SWAPCHAIN_LOCAL,1000208001,1791481882092726272,,1791481882116234688,,90424393906080,,90424417413152,
398,399,2,black,90424385661235,90424385774449,0,2674670,1,1,SWAPCHAIN_LOCAL,1000208001,1791481882101064704,,1791481882124568000,,90424402244512,,90424425746464,
399,400,0,white,90424393966755,90424394104485,0,2674671,1,1,SWAPCHAIN_LOCAL,1000208001,1791481882109405184,,1791481882132901344,,90424410584992,,90424434079808,
400,401,1,black,90424402306257,90424402414662,0,2674672,1,1,SWAPCHAIN_LOCAL,1000208001,1791481882117730304,,1791481882141234688,,90424418910112,,90424442413152,
401,402,2,white,90424410602378,90424410662632,0,2674673,1,1,SWAPCHAIN_LOCAL,1000208001,1791481882126057472,,1791481882149568000,,90424427237280,,90424450746464,
402,403,0,black,90424418967981,90424419116802,0,2674674,1,1,SWAPCHAIN_LOCAL,1000208001,1791481882134401024,,1791481882157901344,,90424435580832,,90424459079808,
403,404,1,white,90424427309087,90424427419054,0,2674675,1,1,SWAPCHAIN_LOCAL,1000208001,1791481882142735360,,1791481882166234688,,90424443915168,,90424467413152,
404,405,2,black,90424435635185,90424435744362,0,2674676,1,1,SWAPCHAIN_LOCAL,1000208001,1791481882151065600,,1791481882174568000,,90424452245408,,90424475746464,
405,406,0,white,90424443972343,90424444095396,0,2674677,1,1,SWAPCHAIN_LOCAL,1000208001,1791481882159395840,,1791481882182901344,,90424460575648,,90424484079808,
406,407,1,black,90424452314210,90424452423397,0,2674678,1,1,SWAPCHAIN_LOCAL,1000208001,1791481882167731200,,1791481882191234688,,90424468911008,,90424492413152,
407,408,2,white,90424460637473,90424460748122,0,2674679,1,1,SWAPCHAIN_LOCAL,1000208001,1791481882176059392,,1791481882199568000,,90424477239200,,90424500746464,
408,409,0,black,90424468969933,90424469093677,0,2674680,1,1,SWAPCHAIN_LOCAL,1000208001,1791481882184402944,,1791481882207901344,,90424485582752,,90424509079808,
409,410,1,white,90424477305879,90424477429903,0,2674681,1,1,SWAPCHAIN_LOCAL,1000208001,1791481882192737280,,1791481882216234688,,90424493917088,,90424517413152,
410,411,2,black,90424485648177,90424485754819,0,2674682,1,1,SWAPCHAIN_LOCAL,1000208001,1791481882201060352,,1791481882224568000,,90424502240160,,90424525746464,
411,412,0,white,90424493957843,90424494084583,0,2674683,1,1,SWAPCHAIN_LOCAL,1000208001,1791481882209397760,,1791481882232901344,,90424510577568,,90424534079808,
412,413,1,black,90424502252702,90424502304089,0,2674684,1,1,SWAPCHAIN_LOCAL,1000208001,1791481882217729024,,1791481882241234688,,90424518908832,,90424542413152,
413,414,2,white,90424510639325,90424510747669,0,2674685,1,1,SWAPCHAIN_LOCAL,1000208001,1791481882226060288,,1791481882249568000,,90424527240096,,90424550746464,
414,415,0,black,90424518975120,90424519098614,0,2674686,1,1,SWAPCHAIN_LOCAL,1000208001,1791481882234392576,,1791481882257901344,,90424535572384,,90424559079808,
415,416,1,white,90424527299375,90424527412409,0,2674687,1,1,SWAPCHAIN_LOCAL,1000208001,1791481882242735104,,1791481882266234688,,90424543914912,,90424567413152,
416,417,2,black,90424535995732,90424536118524,0,2674688,1,1,SWAPCHAIN_LOCAL,1000208001,1791481882251063296,,1791481882274568000,,90424552243104,,90424575746464,
417,418,0,white,90424544325898,90424544433672,0,2674689,1,1,SWAPCHAIN_LOCAL,1000208001,1791481882259394560,,1791481882282901344,,90424560574368,,90424584079808,
418,419,1,black,90424552262188,90424552319627,0,2674690,1,1,SWAPCHAIN_LOCAL,1000208001,1791481882267731968,,1791481882291234688,,90424568911776,,90424592413152,
419,420,2,white,90424560584619,90424560639613,0,2674691,1,1,SWAPCHAIN_LOCAL,1000208001,1791481882276059136,,1791481882299568000,,90424577238944,,90424600746464,
420,421,0,black,90424568976832,90424569108050,0,2674692,1,1,SWAPCHAIN_LOCAL,1000208001,1791481882284394496,,1791481882307901344,,90424585574304,,90424609079808,
421,422,1,white,90424577290326,90424577408029,0,2674693,1,1,SWAPCHAIN_LOCAL,1000208001,1791481882292733952,,1791481882316234688,,90424593913760,,90424617413152,
422,423,2,black,90424585638806,90424585750066,0,2674694,1,1,SWAPCHAIN_LOCAL,1000208001,1791481882301060096,,1791481882324568000,,90424602239904,,90424625746464,
423,424,0,white,90424593976186,90424594099298,0,2674695,1,1,SWAPCHAIN_LOCAL,1000208001,1791481882309394432,,1791481882332901344,,90424610574240,,90424634079808,
424,425,1,black,90424602300569,90424602413292,0,2674696,1,1,SWAPCHAIN_LOCAL,1000208001,1791481882317733888,,1791481882341234688,,90424618913696,,90424642413152,
425,426,2,white,90424610641495,90424610752004,0,2674697,1,1,SWAPCHAIN_LOCAL,1000208001,1791481882326062080,,1791481882349568000,,90424627241888,,90424650746464,
426,427,0,black,90424618973675,90424619098651,0,2674698,1,1,SWAPCHAIN_LOCAL,1000208001,1791481882334395392,,1791481882357901344,,90424635575200,,90424659079808,
427,428,1,white,90424627306174,90424627413998,0,2674699,1,1,SWAPCHAIN_LOCAL,1000208001,1791481882342726656,,1791481882366234688,,90424643906464,,90424667413152,
428,429,2,black,90424635593990,90424635651358,0,2674700,1,1,SWAPCHAIN_LOCAL,1000208001,1791481882351055872,,1791481882374568000,,90424652235680,,90424675746464,
429,430,0,white,90424643989118,90424644113704,0,2674701,1,1,SWAPCHAIN_LOCAL,1000208001,1791481882359390208,,1791481882382901344,,90424660570016,,90424684079808,
430,431,1,black,90424652282594,90424652388444,0,2674702,1,1,SWAPCHAIN_LOCAL,1000208001,1791481882367730688,,1791481882391234656,,90424668910496,,90424692413120,
431,432,2,white,90424660639691,90424660747725,0,2674703,1,1,SWAPCHAIN_LOCAL,1000208001,1791481882376068096,,1791481882399568000,,90424677247904,,90424700746464,
432,433,0,black,90424668970998,90424669095483,0,2674704,1,1,SWAPCHAIN_LOCAL,1000208001,1791481882384462848,,1791481882407901344,,90424685642656,,90424709079808,
433,434,1,white,90424677301463,90424677409568,0,2674705,1,1,SWAPCHAIN_LOCAL,1000208001,1791481882392798208,,1791481882416234688,,90424693978016,,90424717413152,
434,435,2,black,90424686078604,90424686187670,0,2674706,1,1,SWAPCHAIN_LOCAL,1000208001,1791481882401117184,,1791481882424568000,,90424702296992,,90424725746464,
435,436,0,white,90424694010456,90424694065941,0,2674707,1,1,SWAPCHAIN_LOCAL,1000208001,1791481882409452544,,1791481882432901344,,90424710632352,,90424734079808,
436,437,1,black,90424702338778,90424702450209,0,2674708,1,1,SWAPCHAIN_LOCAL,1000208001,1791481882417793024,,1791481882441234656,,90424718972832,,90424742413120,
437,438,2,white,90424710676317,90424710785404,0,2674709,1,1,SWAPCHAIN_LOCAL,1000208001,1791481882426123264,,1791481882449568000,,90424727303072,,90424750746464,
438,439,0,black,90424719030127,90424719138091,0,2674710,1,1,SWAPCHAIN_LOCAL,1000208001,1791481882434461696,,1791481882457901344,,90424735641504,,90424759079808,
439,440,1,white,90424727346206,90424727455323,0,2674711,1,1,SWAPCHAIN_LOCAL,1000208001,1791481882442796032,,1791481882466234656,,90424743975840,,90424767413120,
440,441,2,black,90424735690839,90424735808311,0,2674712,1,1,SWAPCHAIN_LOCAL,1000208001,1791481882451122176,,1791481882474568000,,90424752301984,,90424775746464,
441,442,0,white,90424744321442,90424744430208,0,2674713,1,1,SWAPCHAIN_LOCAL,1000208001,1791481882459454464,,1791481882482901344,,90424760634272,,90424784079808,
442,443,1,black,90424752345620,90424752459875,0,2674714,1,1,SWAPCHAIN_LOCAL,1000208001,1791481882467790848,,1791481882491234656,,90424768970656,,90424792413120,
443,444,2,white,90424760759553,90424760877466,0,2674715,1,1,SWAPCHAIN_LOCAL,1000208001,1791481882476124160,,1791481882499568000,,90424777303968,,90424800746464,
444,445,0,black,90424769027892,90424769140935,0,2674716,1,1,SWAPCHAIN_LOCAL,1000208001,1791481882484455424,,1791481882507901344,,90424785635232,,90424809079808,
445,446,1,white,90424777347417,90424777461553,0,2674717,1,1,SWAPCHAIN_LOCAL,1000208001,1791481882492797952,,1791481882516234688,,90424793977760,,90424817413152,
446,447,2,black,90424785679105,90424785794042,0,2674718,1,1,SWAPCHAIN_LOCAL,1000208001,1791481882501115904,,1791481882524568000,,90424802295712,,90424825746464,
447,448,0,white,90424794035520,90424794145478,0,2674719,1,1,SWAPCHAIN_LOCAL,1000208001,1791481882509462528,,1791481882532901344,,90424810642336,,90424834079808,
448,449,1,black,90424802339356,90424802446819,0,2674720,1,1,SWAPCHAIN_LOCAL,1000208001,1791481882517795840,,1791481882541234656,,90424818975648,,90424842413120,
449,450,2,white,90424810686423,90424810801631,0,2674721,1,1,SWAPCHAIN_LOCAL,1000208001,1791481882526121984,,1791481882549568000,,90424827301792,,90424850746464,
450,451,0,black,90424819010377,90424819063357,0,2674722,1,1,SWAPCHAIN_LOCAL,1000208001,1791481882534457344,,1791481882557901344,,90424835637152,,90424859079808,
451,452,1,white,90424827316547,90424827366661,0,2674723,1,1,SWAPCHAIN_LOCAL,1000208001,1791481882542791680,,1791481882566234656,,90424843971488,,90424867413120,
452,453,2,black,90424835650920,90424835701266,0,2674724,1,1,SWAPCHAIN_LOCAL,1000208001,1791481882551118848,,1791481882574568000,,90424852298656,,90424875746464,
453,454,0,white,90424843986476,90424844043113,0,2674725,1,1,SWAPCHAIN_LOCAL,1000208001,1791481882559454208,,1791481882582901344,,90424860634016,,90424884079808,
454,455,1,black,90424852345927,90424852457608,0,2674726,1,1,SWAPCHAIN_LOCAL,1000208001,1791481882567788544,,1791481882591234656,,90424868968352,,90424892413120,
455,456,2,white,90424860672505,90424860768527,0,2674727,1,1,SWAPCHAIN_LOCAL,1000208001,1791481882576121856,,1791481882599568000,,90424877301664,,90424900746464,
456,457,0,black,90424869021266,90424869135321,0,2674728,1,1,SWAPCHAIN_LOCAL,1000208001,1791481882584460288,,1791481882607901344,,90424885640096,,90424909079808,
457,458,1,white,90424877344788,90424877453323,0,2674729,1,1,SWAPCHAIN_LOCAL,1000208001,1791481882592790528,,1791481882616234688,,90424893970336,,90424917413152,
458,459,2,black,90424885664474,90424885717554,0,2674730,1,1,SWAPCHAIN_LOCAL,1000208001,1791481882601122816,,1791481882624568000,,90424902302624,,90424925746464,
459,460,0,white,90424894025818,90424894139052,0,2674731,1,1,SWAPCHAIN_LOCAL,1000208001,1791481882609460224,,1791481882632901344,,90424910640032,,90424934079808,
460,461,1,black,90424902351004,90424902462144,0,2674732,1,1,SWAPCHAIN_LOCAL,1000208001,1791481882617790464,,1791481882641234656,,90424918970272,,90424942413120,
461,462,2,white,90424910683285,90424910791339,0,2674733,1,1,SWAPCHAIN_LOCAL,1000208001,1791481882626122752,,1791481882649568000,,90424927302560,,90424950746464,
462,463,0,black,90424919332462,90424919442129,0,2674734,1,1,SWAPCHAIN_LOCAL,1000208001,1791481882634461184,,1791481882657901344,,90424935640992,,90424959079808,
463,464,1,white,90424927327284,90424927379522,0,2674735,1,1,SWAPCHAIN_LOCAL,1000208001,1791481882642790400,,1791481882666234656,,90424943970208,,90424967413120,
464,465,2,black,90424935666426,90424935717973,0,2674736,1,1,SWAPCHAIN_LOCAL,1000208001,1791481882651125760,,1791481882674568000,,90424952305568,,90424975746464,
465,466,0,white,90424944020867,90424944131576,0,2674737,1,1,SWAPCHAIN_LOCAL,1000208001,1791481882659460096,,1791481882682901344,,90424960639904,,90424984079808,
466,467,1,black,90424952570548,90424952682389,0,2674738,1,1,SWAPCHAIN_LOCAL,1000208001,1791481882667795456,,1791481882691234656,,90424968975264,,90424992413120,
467,468,2,white,90424960682100,90424960794502,0,2674739,1,1,SWAPCHAIN_LOCAL,1000208001,1791481882676116480,,1791481882699568000,,90424977296288,,90425000746464,
468,469,0,black,90424969021462,90424969117634,0,2674740,1,1,SWAPCHAIN_LOCAL,1000208001,1791481882684460032,,1791481882707901344,,90424985639840,,90425009079808,
469,470,1,white,90424977321541,90424977378709,0,2674741,1,1,SWAPCHAIN_LOCAL,1000208001,1791481882692794368,,1791481882716234656,,90424993974176,,90425017413120,
470,471,2,black,90424985687204,90424985795719,0,2674742,1,1,SWAPCHAIN_LOCAL,1000208001,1791481882701123584,,1791481882724568000,,90425002303392,,90425025746464,
471,472,0,white,90424994032237,90424994144650,0,2674743,1,1,SWAPCHAIN_LOCAL,1000208001,1791481882709454848,,1791481882732901344,,90425010634656,,90425034079808,
472,473,1,black,90425002347755,90425002449137,0,2674744,1,1,SWAPCHAIN_LOCAL,1000208001,1791481882717791232,,1791481882741234656,,90425018971040,,90425042413120,
473,474,2,white,90425010652783,90425010711894,0,2674745,1,1,SWAPCHAIN_LOCAL,1000208001,1791481882726122496,,1791481882749568000,,90425027302304,,90425050746464,
474,475,0,black,90425018985353,90425019046007,0,2674746,1,1,SWAPCHAIN_LOCAL,1000208001,1791481882734459904,,1791481882757901344,,90425035639712,,90425059079808,
475,476,1,white,90425027316590,90425027367626,0,2674747,1,1,SWAPCHAIN_LOCAL,1000208001,1791481882742793216,,1791481882766234656,,90425043973024,,90425067413120,
476,477,2,black,90425035652677,90425035702060,0,2674748,1,1,SWAPCHAIN_LOCAL,1000208001,1791481882751128576,,1791481882774568000,,90425052308384,,90425075746464,
477,478,0,white,90425043987230,90425044050139,0,2674749,1,1,SWAPCHAIN_LOCAL,1000208001,1791481882759456768,,1791481882782901344,,90425060636576,,90425084079808,
478,479,1,black,90425052336101,90425052384923,0,2674750,1,1,SWAPCHAIN_LOCAL,1000208001,1791481882767797248,,1791481882791234656,,90425068977056,,90425092413120,
479,480,2,white,90425060664493,90425060716251,0,2674751,1,1,SWAPCHAIN_LOCAL,1000208001,1791481882776123392,,1791481882799568000,,90425077303200,,90425100746464,
480,481,0,black,90425069015067,90425069064140,0,2674752,1,1,SWAPCHAIN_LOCAL,1000208001,1791481882784460800,,1791481882807901344,,90425085640608,,90425109079808,
481,482,1,white,90425077327058,90425077380689,0,2674753,1,1,SWAPCHAIN_LOCAL,1000208001,1791481882792790016,,1791481882816234656,,90425093969824,,90425117413120,
482,483,2,black,90425085682281,90425085795505,0,2674754,1,1,SWAPCHAIN_LOCAL,1000208001,1791481882801120256,,1791481882824568000,,90425102300064,,90425125746464,
483,484,0,white,90425094002838,90425094066458,0,2674755,1,1,SWAPCHAIN_LOCAL,1000208001,1791481882809458688,,1791481882832901344,,90425110638496,,90425134079808,
484,485,1,black,90425102663859,90425102772945,0,2674756,1,1,SWAPCHAIN_LOCAL,1000208001,1791481882817792000,,1791481882841234656,,90425118971808,,90425142413120,
485,486,2,white,90425110878966,90425110986991,0,2674757,1,1,SWAPCHAIN_LOCAL,1000208001,1791481882826123264,,1791481882849568000,,90425127303072,,90425150746464,
486,487,0,black,90425119026677,90425119137547,0,2674758,1,1,SWAPCHAIN_LOCAL,1000208001,1791481882834459648,,1791481882857901344,,90425135639456,,90425159079808,
487,488,1,white,90425127345190,90425127453635,0,2674759,1,1,SWAPCHAIN_LOCAL,1000208001,1791481882843602944,,1791481882866234656,,90425144782752,,90425167413120,
488,489,2,black,90425135684904,90425135791475,0,2674760,1,1,SWAPCHAIN_LOCAL,1000208001,1791481882851758080,,1791481882874568000,,90425152937888,,90425175746464,
489,490,0,white,90425144810693,90425144865166,0,2674761,1,1,SWAPCHAIN_LOCAL,1000208001,1791481882860111872,,1791481882882901344,,90425161291680,,90425184079808,
490,491,1,black,90425153056730,90425153168831,0,2674762,1,1,SWAPCHAIN_LOCAL,1000208001,1791481882868453376,,1791481882891234656,,90425169633184,,90425192413120,
491,492,2,white,90425161389660,90425161497955,0,2674763,1,1,SWAPCHAIN_LOCAL,1000208001,1791481882876747776,,1791481882899568000,,90425177927584,,90425200746464,
492,493,0,black,90425169728953,90425169845463,0,2674764,1,1,SWAPCHAIN_LOCAL,1000208001,1791481882885123072,,1791481882907901344,,90425186302880,,90425209079808,
493,494,1,white,90425178028110,90425178124943,0,2674765,1,1,SWAPCHAIN_LOCAL,1000208001,1791481882893446144,,1791481882916234688,,90425194625952,,90425217413152,
494,495,2,black,90425186399403,90425186512627,0,2674766,1,1,SWAPCHAIN_LOCAL,1000208001,1791481882901752832,,1791481882924568000,,90425202932640,,90425225746464,
495,496,0,white,90425194654997,90425194708929,0,2674767,1,1,SWAPCHAIN_LOCAL,1000208001,1791481882910124032,,1791481882932901344,,90425211303840,,90425234079808,
496,497,1,black,90425203034075,90425203131419,0,2674768,1,1,SWAPCHAIN_LOCAL,1000208001,1791481882918450176,,1791481882941234688,,90425219629984,,90425242413152,
497,498,2,white,90425211402393,90425211511649,0,2674769,1,1,SWAPCHAIN_LOCAL,1000208001,1791481882926746624,,1791481882949568000,,90425227926432,,90425250746464,
498,499,0,black,90425219729262,90425219839230,0,2674770,1,1,SWAPCHAIN_LOCAL,1000208001,1791481882935112704,,1791481882957901344,,90425236292512,,90425259079808,
499,500,1,white,90425228040682,90425228150970,0,2674771,1,1,SWAPCHAIN_LOCAL,1000208001,1791481882943444992,,1791481882966234656,,90425244624800,,90425267413120,
500,501,2,black,90425236393961,90425236504590,0,2674772,1,1,SWAPCHAIN_LOCAL,1000208001,1791481882951752704,,1791481882974568000,,90425252932512,,90425275746464,
501,502,0,white,90425244722844,90425244833323,0,2674773,1,1,SWAPCHAIN_LOCAL,1000208001,1791481882960112640,,1791481882982901344,,90425261292448,,90425284079808,
502,503,1,black,90425252959733,90425253024685,0,2674774,1,1,SWAPCHAIN_LOCAL,1000208001,1791481882968439808,,1791481882991234656,,90425269619616,,90425292413120,
503,504,2,white,90425261391169,90425261504454,0,2674775,1,1,SWAPCHAIN_LOCAL,1000208001,1791481882976740352,,1791481882999568000,,90425277920160,,90425300746464,
504,505,0,black,90425269674847,90425269777071,0,2674776,1,1,SWAPCHAIN_LOCAL,1000208001,1791481882985105408,,1791481883007901344,,90425286285216,,90425309079808,
505,506,1,white,90425277933187,90425277981057,0,2674777,1,1,SWAPCHAIN_LOCAL,1000208001,1791481882993454080,,1791481883016234688,,90425294633888,,90425317413152,
506,507,2,black,90425286384772,90425286494800,0,2674778,1,1,SWAPCHAIN_LOCAL,1000208001,1791481883001752576,,1791481883024568000,,90425302932384,,90425325746464,
507,508,0,white,90425294733492,90425294844211,0,2674779,1,1,SWAPCHAIN_LOCAL,1000208001,1791481883010116608,,1791481883032901344,,90425311296416,,90425334079808,
508,509,1,black,90425302961464,90425303023341,0,2674780,1,1,SWAPCHAIN_LOCAL,1000208001,1791481883018442752,,1791481883041234656,,90425319622560,,90425342413120,
509,510,2,white,90425311396288,90425311516254,0,2674781,1,1,SWAPCHAIN_LOCAL,1000208001,1791481883026750464,,1791481883049568000,,90425327930272,,90425350746464,
510,511,0,black,90425319719981,90425319816994,0,2674782,1,1,SWAPCHAIN_LOCAL,1000208001,1791481883035118592,,1791481883057901344,,90425336298400,,90425359079808,
511,512,1,white,90425328050698,90425328164132,0,2674783,1,1,SWAPCHAIN_LOCAL,1000208001,1791481883043450880,,1791481883066234656,,90425344630688,,90425367413120,
512,513,2,black,90425336384639,90425336480491,0,2674784,1,1,SWAPCHAIN_LOCAL,1000208001,1791481883051756544,,1791481883074568000,,90425352936352,,90425375746464,
513,514,0,white,90425344729202,90425344839621,0,2674785,1,1,SWAPCHAIN_LOCAL,1000208001,1791481883060117504,,1791481883082901344,,90425361297312,,90425384079808,
514,515,1,black,90425353048337,90425353155028,0,2674786,1,1,SWAPCHAIN_LOCAL,1000208001,1791481883068438528,,1791481883091234656,,90425369618336,,90425392413120,
515,516,2,white,90425361325973,90425361380085,0,2674787,1,1,SWAPCHAIN_LOCAL,1000208001,1791481883076746240,,1791481883099568000,,90425377926048,,90425400746464,
516,517,0,black,90425369719207,90425369828634,0,2674788,1,1,SWAPCHAIN_LOCAL,1000208001,1791481883085104128,,1791481883107901344,,90425386283936,,90425409079808,
517,518,1,white,90425378044203,90425378160563,0,2674789,1,1,SWAPCHAIN_LOCAL,1000208001,1791481883093438464,,1791481883116234688,,90425394618272,,90425417413152,
518,519,2,black,90425386373637,90425386472113,0,2674790,1,1,SWAPCHAIN_LOCAL,1000208001,1791481883101751296,,1791481883124568000,,90425402931104,,90425425746464,
519,520,0,white,90425394716246,90425394834870,0,2674791,1,1,SWAPCHAIN_LOCAL,1000208001,1791481883110110208,,1791481883132901344,,90425411290016,,90425434079808,
520,521,1,black,90425402959257,90425403025722,0,2674792,1,1,SWAPCHAIN_LOCAL,1000208001,1791481883118441472,,1791481883141234656,,90425419621280,,90425442413120,
521,522,2,white,90425411311293,90425411362310,0,2674793,1,1,SWAPCHAIN_LOCAL,1000208001,1791481883126750208,,1791481883149568000,,90425427930016,,90425450746464,
522,523,0,black,90425419720859,90425419831528,0,2674794,1,1,SWAPCHAIN_LOCAL,1000208001,1791481883135114240,,1791481883157901344,,90425436294048,,90425459079808,
523,524,1,white,90425428040905,90425428151063,0,2674795,1,1,SWAPCHAIN_LOCAL,1000208001,1791481883143447552,,1791481883166234656,,90425444627360,,90425467413120,
524,525,2,black,90425436392712,90425436508611,0,2674796,1,1,SWAPCHAIN_LOCAL,1000208001,1791481883151756288,,1791481883174568000,,90425452936096,,90425475746464,
525,526,0,white,90425444728317,90425444840349,0,2674797,1,1,SWAPCHAIN_LOCAL,1000208001,1791481883160117248,,1791481883182901344,,90425461297056,,90425484079808,
526,527,1,black,90425453050708,90425453160626,0,2674798,1,1,SWAPCHAIN_LOCAL,1000208001,1791481883168448512,,1791481883191234656,,90425469628320,,90425492413120,
527,528,2,white,90425461394048,90425461504407,0,2674799,1,1,SWAPCHAIN_LOCAL,1000208001,1791481883176752128,,1791481883199568000,,90425477931936,,90425500746464,
528,529,0,black,90425469728692,90425469843218,0,2674800,1,1,SWAPCHAIN_LOCAL,1000208001,1791481883185114112,,1791481883207901344,,90425486293920,,90425509079808,
529,530,1,white,90425478045412,90425478157995,0,2674801,1,1,SWAPCHAIN_LOCAL,1000208001,1791481883193450496,,1791481883216234688,,90425494630304,,90425517413152,
530,531,2,black,90425486399032,90425486508569,0,2674802,1,1,SWAPCHAIN_LOCAL,1000208001,1791481883201742848,,1791481883224568000,,90425502922656,,90425525746464,
531,532,0,white,90425494656710,90425494711003,0,2674803,1,1,SWAPCHAIN_LOCAL,1000208001,1791481883210115072,,1791481883232901344,,90425511294880,,90425534079808,
532,533,1,black,90425503037952,90425503146688,0,2674804,1,1,SWAPCHAIN_LOCAL,1000208001,1791481883218446336,,1791481883241234656,,90425519626144,,90425542413120,
533,534,2,white,90425511324274,90425511376593,0,2674805,1,1,SWAPCHAIN_LOCAL,1000208001,1791481883226759168,,1791481883249568000,,90425527938976,,90425550746464,
534,535,0,black,90425519716277,90425519813310,0,2674806,1,1,SWAPCHAIN_LOCAL,1000208001,1791481883235109888,,1791481883257901344,,90425536289696,,90425559079808,
535,536,1,white,90425528051191,90425528162852,0,2674807,1,1,SWAPCHAIN_LOCAL,1000208001,1791481883243448320,,1791481883266234656,,90425544628128,,90425567413120,
536,537,2,black,90425536397718,90425536513227,0,2674808,1,1,SWAPCHAIN_LOCAL,1000208001,1791481883251751936,,1791481883274568000,,90425552931744,,90425575746464,
537,538,0,white,90425544727342,90425544841598,0,2674809,1,1,SWAPCHAIN_LOCAL,1000208001,1791481883260112896,,1791481883282901344,,90425561292704,,90425584079808,
538,539,1,black,90425553046557,90425553154781,0,2674810,1,1,SWAPCHAIN_LOCAL,1000208001,1791481883268450304,,1791481883291234656,,90425569630112,,90425592413120,
539,540,2,white,90425561390989,90425561503401,0,2674811,1,1,SWAPCHAIN_LOCAL,1000208001,1791481883276746752,,1791481883299568000,,90425577926560,,90425600746464,
540,541,0,black,90425569731524,90425569844808,0,2674812,1,1,SWAPCHAIN_LOCAL,1000208001,1791481883285107712,,1791481883307901344,,90425586287520,,90425609079808,
541,542,1,white,90425578037765,90425578146420,0,2674813,1,1,SWAPCHAIN_LOCAL,1000208001,1791481883293443072,,1791481883316234688,,90425594622880,,90425617413152,
542,543,2,black,90425586387586,90425586498987,0,2674814,1,1,SWAPCHAIN_LOCAL,1000208001,1791481883301747712,,1791481883324568000,,90425602927520,,90425625746464,
543,544,0,white,90425594718603,90425594832919,0,2674815,1,1,SWAPCHAIN_LOCAL,1000208001,1791481883310116864,,1791481883332901344,,90425611296672,,90425634079808,
544,545,1,black,90425603046946,90425603159318,0,2674816,1,1,SWAPCHAIN_LOCAL,1000208001,1791481883318449152,,1791481883341234656,,90425619628960,,90425642413120,
545,546,2,white,90425611396848,90425611509842,0,2674817,1,1,SWAPCHAIN_LOCAL,1000208001,1791481883326756864,,1791481883349568000,,90425627936672,,90425650746464,
546,547,0,black,90425619727304,90425619838905,0,2674818,1,1,SWAPCHAIN_LOCAL,1000208001,1791481883335105536,,1791481883357901344,,90425636285344,,90425659079808,
547,548,1,white,90425628048182,90425628157579,0,2674819,1,1,SWAPCHAIN_LOCAL,1000208001,1791481883343444992,,1791481883366234656,,90425644624800,,90425667413120,
548,549,2,black,90425636310850,90425636354723,0,2674820,1,1,SWAPCHAIN_LOCAL,1000208001,1791481883351751680,,1791481883374568000,,90425652931488,,90425675746464,
549,550,0,white,90425644645784,90425644695478,0,2674821,1,1,SWAPCHAIN_LOCAL,1000208001,1791481883360111616,,1791481883382901344,,90425661291424,,90425684079808,
550,551,1,black,90425653052104,90425653160468,0,2674822,1,1,SWAPCHAIN_LOCAL,1000208001,1791481883368445952,,1791481883391234656,,90425669625760,,90425692413120,
551,552,2,white,90425661390404,90425661501434,0,2674823,1,1,SWAPCHAIN_LOCAL,1000208001,1791481883376746496,,1791481883399568000,,90425677926304,,90425700746464,
552,553,0,black,90425669724357,90425669834565,0,2674824,1,1,SWAPCHAIN_LOCAL,1000208001,1791481883385112576,,1791481883407901344,,90425686292384,,90425709079808,
553,554,1,white,90425678037921,90425678156014,0,2674825,1,1,SWAPCHAIN_LOCAL,1000208001,1791481883393443840,,1791481883416234656,,90425694623648,,90425717413120,
554,555,2,black,90425686321628,90425686374999,0,2674826,1,1,SWAPCHAIN_LOCAL,1000208001,1791481883401743360,,1791481883424568000,,90425702923168,,90425725746464,
555,556,0,white,90425694722848,90425694840801,0,2674827,1,1,SWAPCHAIN_LOCAL,1000208001,1791481883410104320,,1791481883432901344,,90425711284128,,90425734079808,
556,557,1,black,90425703024399,90425703124919,0,2674828,1,1,SWAPCHAIN_LOCAL,1000208001,1791481883418444800,,1791481883441234656,,90425719624608,,90425742413120,
557,558,2,white,90425711383440,90425711493999,0,2674829,1,1,SWAPCHAIN_LOCAL,1000208001,1791481883426748416,,1791481883449568000,,90425727928224,,90425750746464,
558,559,0,black,90425719723714,90425719834684,0,2674830,1,1,SWAPCHAIN_LOCAL,1000208001,1791481883435115520,,1791481883457901344,,90425736295328,,90425759079808,
559,560,1,white,90425728041937,90425728158287,0,2674831,1,1,SWAPCHAIN_LOCAL,1000208001,1791481883443448832,,1791481883466234656,,90425744628640,,90425767413120,
560,561,2,black,90425736399474,90425736508339,0,2674832,1,1,SWAPCHAIN_LOCAL,1000208001,1791481883451746304,,1791481883474568000,,90425752926112,,90425775746464,
561,562,0,white,90425744727846,90425744838936,0,2674833,1,1,SWAPCHAIN_LOCAL,1000208001,1791481883460116480,,1791481883482901344,,90425761296288,,90425784079808,
562,563,1,black,90425753042311,90425753152981,0,2674834,1,1,SWAPCHAIN_LOCAL,1000208001,1791481883468448768,,1791481883491234656,,90425769628576,,90425792413120,
563,564,2,white,90425761397946,90425761512342,0,2674835,1,1,SWAPCHAIN_LOCAL,1000208001,1791481883476746240,,1791481883499568000,,90425777926048,,90425800746464,
564,565,0,black,90425769727118,90425769837858,0,2674836,1,1,SWAPCHAIN_LOCAL,1000208001,1791481883485117440,,1791481883507901344,,90425786297248,,90425809079808,
565,566,1,white,90425777954119,90425778016056,0,2674837,1,1,SWAPCHAIN_LOCAL,1000208001,1791481883493443584,,1791481883516234688,,90425794623392,,90425817413152,
566,567,2,black,90425786394843,90425786504050,0,2674838,1,1,SWAPCHAIN_LOCAL,1000208001,1791481883501747200,,1791481883524568000,,90425802927008,,90425825746464,
567,568,0,white,90425794722684,90425794832472,0,2674839,1,1,SWAPCHAIN_LOCAL,1000208001,1791481883510114304,,1791481883532901344,,90425811294112,,90425834079808,
568,569,1,black,90425803042309,90425803151215,0,2674840,1,1,SWAPCHAIN_LOCAL,1000208001,1791481883518438400,,1791481883541234656,,90425819618208,,90425842413120,
569,570,2,white,90425811390991,90425811502331,0,2674841,1,1,SWAPCHAIN_LOCAL,1000208001,1791481883526750208,,1791481883549568000,,90425827930016,,90425850746464,
570,571,0,black,90425819653247,90425819716978,0,2674842,1,1,SWAPCHAIN_LOCAL,1000208001,1791481883535109120,,1791481883557901344,,90425836288928,,90425859079808,
571,572,1,white,90425827950731,90425828020192,0,2674843,1,1,SWAPCHAIN_LOCAL,1000208001,1791481883543443456,,1791481883566234656,,90425844623264,,90425867413120,
572,573,2,black,90425836385714,90425836498147,0,2674844,1,1,SWAPCHAIN_LOCAL,1000208001,1791481883551753216,,1791481883574568000,,90425852933024,,90425875746464,
573,574,0,white,90425844721981,90425844832149,0,2674845,1,1,SWAPCHAIN_LOCAL,1000208001,1791481883560105984,,1791481883582901344,,90425861285792,,90425884079808,
574,575,1,black,90425853051856,90425853159289,0,2674846,1,1,SWAPCHAIN_LOCAL,1000208001,1791481883568447488,,1791481883591234656,,90425869627296,,90425892413120,
575,576,2,white,90425861373666,90425861469938,0,2674847,1,1,SWAPCHAIN_LOCAL,1000208001,1791481883576750080,,1791481883599568000,,90425877929888,,90425900746464,
576,577,0,black,90425869729349,90425869839488,0,2674848,1,1,SWAPCHAIN_LOCAL,1000208001,1791481883585121280,,1791481883607901344,,90425886301088,,90425909079808,
577,578,1,white,90425877959095,90425878023607,0,2674849,1,1,SWAPCHAIN_LOCAL,1000208001,1791481883593441280,,1791481883616234688,,90425894621088,,90425917413152,
578,579,2,black,90425886322112,90425886370764,0,2674850,1,1,SWAPCHAIN_LOCAL,1000208001,1791481883601743872,,1791481883624568000,,90425902923680,,90425925746464,
579,580,0,white,90425894642850,90425894695900,0,2674851,1,1,SWAPCHAIN_LOCAL,1000208001,1791481883610114048,,1791481883632901344,,90425911293856,,90425934079808,
580,581,1,black,90425903045864,90425903154699,0,2674852,1,1,SWAPCHAIN_LOCAL,1000208001,1791481883618444288,,1791481883641234656,,90425919624096,,90425942413120,
581,582,2,white,90425911393281,90425911502678,0,2674853,1,1,SWAPCHAIN_LOCAL,1000208001,1791481883626748928,,1791481883649568000,,90425927928736,,90425950746464,
582,583,0,black,90425919726833,90425919835859,0,2674854,1,1,SWAPCHAIN_LOCAL,1000208001,1791481883635102720,,1791481883657901344,,90425936282528,,90425959079808,
583,584,1,white,90425927957731,90425928018195,0,2674855,1,1,SWAPCHAIN_LOCAL,1000208001,1791481883643453440,,1791481883666234656,,90425944633248,,90425967413120,
584,585,2,black,90425936380191,90425936489487,0,2674856,1,1,SWAPCHAIN_LOCAL,1000208001,1791481883651749888,,1791481883674568000,,90425952929696,,90425975746464,
585,586,0,white,90425944720846,90425944817839,0,2674857,1,1,SWAPCHAIN_LOCAL,1000208001,1791481883660112896,,1791481883682901344,,90425961292704,,90425984079808,
586,587,1,black,90425953023940,90425953132044,0,2674858,1,1,SWAPCHAIN_LOCAL,1000208001,1791481883668446208,,1791481883691234656,,90425969626016,,90425992413120,
587,588,2,white,90425961393240,90425961506995,0,2674859,1,1,SWAPCHAIN_LOCAL,1000208001,1791481883676753920,,1791481883699568000,,90425977933728,,90426000746464,
588,589,0,black,90425969724427,90425969833673,0,2674860,1,1,SWAPCHAIN_LOCAL,1000208001,1791481883685107712,,1791481883707901344,,90425986287520,,90426009079808,
589,590,1,white,90425978045605,90425978155743,0,2674861,1,1,SWAPCHAIN_LOCAL,1000208001,1791481883693437952,,1791481883716234688,,90425994617760,,90426017413152,
590,591,2,black,90425986390999,90425986501047,0,2674862,1,1,SWAPCHAIN_LOCAL,1000208001,1791481883701746688,,1791481883724568000,,90426002926496,,90426025746464,
591,592,0,white,90425994707108,90425994818739,0,2674863,1,1,SWAPCHAIN_LOCAL,1000208001,1791481883710117888,,1791481883732901344,,90426011297696,,90426034079808,
592,593,1,black,90426002956992,90426003023758,0,2674864,1,1,SWAPCHAIN_LOCAL,1000208001,1791481883718445056,,1791481883741234656,,90426019624864,,90426042413120,
593,594,2,white,90426011323425,90426011383248,0,2674865,1,1,SWAPCHAIN_LOCAL,1000208001,1791481883726747648,,1791481883749568000,,90426027927456,,90426050746464,
594,595,0,black,90426019638422,90426019677777,0,2674866,1,1,SWAPCHAIN_LOCAL,1000208001,1791481883735109632,,1791481883757901344,,90426036289440,,90426059079808,
595,596,1,white,90426027950193,90426027999736,0,2674867,1,1,SWAPCHAIN_LOCAL,1000208001,1791481883743444992,,1791481883766234656,,90426044624800,,90426067413120,
596,597,2,black,90426036312689,90426036364076,0,2674868,1,1,SWAPCHAIN_LOCAL,1000208001,1791481883751752704,,1791481883774568000,,90426052932512,,90426075746464,
597,598,0,white,90426044644668,90426044691978,0,2674869,1,1,SWAPCHAIN_LOCAL,1000208001,1791481883760106496,,1791481883782901344,,90426061286304,,90426084079808,
598,599,1,black,90426052952341,90426052999460,0,2674870,1,1,SWAPCHAIN_LOCAL,1000208001,1791481883768446976,,1791481883791234656,,90426069626784,,90426092413120,
599,600,2,white,90426061385291,90426061496922,0,2674871,1,1,SWAPCHAIN_LOCAL,1000208001,1791481883776756736,,1791481883799568000,,90426077936544,,90426100746464,
600,601,0,black,90426069723381,90426069818601,0,2674872,1,1,SWAPCHAIN_LOCAL,1000208001,1791481883785111552,,1791481883807901344,,90426086291360,,90426109079808,
601,602,1,white,90426078051432,90426078160899,0,2674873,1,1,SWAPCHAIN_LOCAL,1000208001,1791481883793444864,,1791481883816234688,,90426094624672,,90426117413152,
602,603,2,black,90426086391006,90426086501855,0,2674874,1,1,SWAPCHAIN_LOCAL,1000208001,1791481883801752576,,1791481883824568000,,90426102932384,,90426125746464,
603,604,0,white,90426094722313,90426094832642,0,2674875,1,1,SWAPCHAIN_LOCAL,1000208001,1791481883810115584,,1791481883832901344,,90426111295392,,90426134079808,
604,605,1,black,90426102961316,90426103029485,0,2674876,1,1,SWAPCHAIN_LOCAL,1000208001,1791481883818441728,,1791481883841234656,,90426119621536,,90426142413120,
605,606,2,white,90426111393955,90426111502891,0,2674877,1,1,SWAPCHAIN_LOCAL,1000208001,1791481883826758656,,1791481883849568000,,90426127938464,,90426150746464,
606,607,0,black,90426119650331,90426119702600,0,2674878,1,1,SWAPCHAIN_LOCAL,1000208001,1791481883835117568,,1791481883857901344,,90426136297376,,90426159079808,
607,608,1,white,90426128053636,90426128164225,0,2674879,1,1,SWAPCHAIN_LOCAL,1000208001,1791481883843447808,,1791481883866234656,,90426144627616,,90426167413120,
608,609,2,black,90426136325941,90426136378741,0,2674880,1,1,SWAPCHAIN_LOCAL,1000208001,1791481883851748352,,1791481883874568000,,90426152928160,,90426175746464,
609,610,0,white,90426144726559,90426144839583,0,2674881,1,1,SWAPCHAIN_LOCAL,1000208001,1791481883860117504,,1791481883882901344,,90426161297312,,90426184079808,
610,611,1,black,90426153050984,90426153165190,0,2674882,1,1,SWAPCHAIN_LOCAL,1000208001,1791481883868447744,,1791481883891234656,,90426169627552,,90426192413120,
611,612,2,white,90426161396779,90426161506256,0,2674883,1,1,SWAPCHAIN_LOCAL,1000208001,1791481883876751360,,1791481883899568000,,90426177931168,,90426200746464,
612,613,0,black,90426169727135,90426169837233,0,2674884,1,1,SWAPCHAIN_LOCAL,1000208001,1791481883885109248,,1791481883907901344,,90426186289056,,90426209079808,
613,614,1,white,90426178037432,90426178149865,0,2674885,1,1,SWAPCHAIN_LOCAL,1000208001,1791481883893448704,,1791481883916234688,,90426194628512,,90426217413152,
614,615,2,black,90426186388428,90426186498045,0,2674886,1,1,SWAPCHAIN_LOCAL,1000208001,1791481883901751296,,1791481883924568000,,90426202931104,,90426225746464,
615,616,0,white,90426194727930,90426194843599,0,2674887,1,1,SWAPCHAIN_LOCAL,1000208001,1791481883910117376,,1791481883932901344,,90426211297184,,90426234079808,
616,617,1,black,90426203035022,90426203131395,0,2674888,1,1,SWAPCHAIN_LOCAL,1000208001,1791481883918441472,,1791481883941234656,,90426219621280,,90426242413120,
617,618,2,white,90426211328087,90426211382340,0,2674889,1,1,SWAPCHAIN_LOCAL,1000208001,1791481883926751232,,1791481883949568000,,90426227931040,,90426250746464,
618,619,0,black,90426219723216,90426219827713,0,2674890,1,1,SWAPCHAIN_LOCAL,1000208001,1791481883935117312,,1791481883957901344,,90426236297120,,90426259079808,
619,620,1,white,90426228031760,90426228137179,0,2674891,1,1,SWAPCHAIN_LOCAL,1000208001,1791481883943447552,,1791481883966234656,,90426244627360,,90426267413120,
620,621,2,black,90426236396962,90426236492613,0,2674892,1,1,SWAPCHAIN_LOCAL,1000208001,1791481883951749120,,1791481883974568000,,90426252928928,,90426275746464,
621,622,0,white,90426244726997,90426244838798,0,2674893,1,1,SWAPCHAIN_LOCAL,1000208001,1791481883960114176,,1791481883982901344,,90426261293984,,90426284079808,
622,623,1,black,90426252957344,90426253021014,0,2674894,1,1,SWAPCHAIN_LOCAL,1000208001,1791481883968446464,,1791481883991234656,,90426269626272,,90426292413120,
623,624,2,white,90426261394150,90426261503988,0,2674895,1,1,SWAPCHAIN_LOCAL,1000208001,1791481883976747008,,1791481883999568000,,90426277926816,,90426300746464,
624,625,0,black,90426269735177,90426269848020,0,2674896,1,1,SWAPCHAIN_LOCAL,1000208001,1791481883985117184,,1791481884007901344,,90426286296992,,90426309079808,
625,626,1,white,90426278043461,90426278153969,0,2674897,1,1,SWAPCHAIN_LOCAL,1000208001,1791481883993441280,,1791481884016234656,,90426294621088,,90426317413120,
626,627,2,black,90426286394585,90426286505295,0,2674898,1,1,SWAPCHAIN_LOCAL,1000208001,1791481884001750016,,1791481884024568000,,90426302929824,,90426325746464,
627,628,0,white,90426294650019,90426294703470,0,2674899,1,1,SWAPCHAIN_LOCAL,1000208001,1791481884010119168,,1791481884032901344,,90426311298976,,90426334079808,
628,629,1,black,90426303046120,90426303156739,0,2674900,1,1,SWAPCHAIN_LOCAL,1000208001,1791481884018445312,,1791481884041234656,,90426319625120,,90426342413120,
629,630,2,white,90426311397936,90426311514777,0,2674901,1,1,SWAPCHAIN_LOCAL,1000208001,1791481884026755072,,1791481884049568000,,90426327934880,,90426350746464,
630,631,0,black,90426319728151,90426319842427,0,2674902,1,1,SWAPCHAIN_LOCAL,1000208001,1791481884035123200,,1791481884057901344,,90426336303008,,90426359079808,
631,632,1,white,90426328048969,90426328151253,0,2674903,1,1,SWAPCHAIN_LOCAL,1000208001,1791481884043437056,,1791481884066234656,,90426344616864,,90426367413120,
632,633,2,black,90426336401507,90426336511535,0,2674904,1,1,SWAPCHAIN_LOCAL,1000208001,1791481884051755008,,1791481884074568000,,90426352934816,,90426375746464,
633,634,0,white,90426344649287,90426344705553,0,2674905,1,1,SWAPCHAIN_LOCAL,1000208001,1791481884060115968,,1791481884082901344,,90426361295776,,90426384079808,
634,635,1,black,90426352955617,90426353013115,0,2674906,1,1,SWAPCHAIN_LOCAL,1000208001,1791481884068446208,,1791481884091234656,,90426369626016,,90426392413120,
635,636,2,white,90426361383827,90426361480460,0,2674907,1,1,SWAPCHAIN_LOCAL,1000208001,1791481884076756992,,1791481884099568000,,90426377936800,,90426400746464,
636,637,0,black,90426369716779,90426369826446,0,2674908,1,1,SWAPCHAIN_LOCAL,1000208001,1791481884085121024,,1791481884107901344,,90426386300832,,90426409079808,
637,638,1,white,90426378050150,90426378159546,0,2674909,1,1,SWAPCHAIN_LOCAL,1000208001,1791481884093456384,,1791481884116234688,,90426394636192,,90426417413152,
638,639,2,black,90426386396035,90426386513356,0,2674910,1,1,SWAPCHAIN_LOCAL,1000208001,1791481884101754880,,1791481884124568000,,90426402934688,,90426425746464,
639,640,0,white,90426394734125,90426394845486,0,2674911,1,1,SWAPCHAIN_LOCAL,1000208001,1791481884110129152,,1791481884132901344,,90426411308960,,90426434079808,
640,641,1,black,90426402966856,90426403030296,0,2674912,1,1,SWAPCHAIN_LOCAL,1000208001,1791481884118447104,,1791481884141234656,,90426419626912,,90426442413120,
641,642,2,white,90426411391480,90426411488865,0,2674913,1,1,SWAPCHAIN_LOCAL,1000208001,1791481884126746624,,1791481884149568000,,90426427926432,,90426450746464,
642,643,0,black,90426419725513,90426419835641,0,2674914,1,1,SWAPCHAIN_LOCAL,1000208001,1791481884135114752,,1791481884157901344,,90426436294560,,90426459079808,
643,644,1,white,90426428088540,90426428202906,0,2674915,1,1,SWAPCHAIN_LOCAL,1000208001,1791481884143438848,,1791481884166234656,,90426444618656,,90426467413120,
644,645,2,black,90426436326922,90426436379942,0,2674916,1,1,SWAPCHAIN_LOCAL,1000208001,1791481884151748608,,1791481884174568000,,90426452928416,,90426475746464,
645,646,0,white,90426444720197,90426444822581,0,2674917,1,1,SWAPCHAIN_LOCAL,1000208001,1791481884160117760,,1791481884182901344,,90426461297568,,90426484079808,
646,647,1,black,90426453044231,90426453152916,0,2674918,1,1,SWAPCHAIN_LOCAL,1000208001,1791481884168442880,,1791481884191234656,,90426469622688,,90426492413120,
647,648,2,white,90426461395797,90426461513810,0,2674919,1,1,SWAPCHAIN_LOCAL,1000208001,1791481884176755712,,1791481884199568000,,90426477935520,,90426500746464,
648,649,0,black,90426469651752,90426469703340,0,2674920,1,1,SWAPCHAIN_LOCAL,1000208001,1791481884185113600,,1791481884207901344,,90426486293408,,90426509079808,
649,650,1,white,90426478048954,90426478158641,0,2674921,1,1,SWAPCHAIN_LOCAL,1000208001,1791481884193446912,,1791481884216234688,,90426494626720,,90426517413152,
650,651,2,black,90426486397223,90426486506420,0,2674922,1,1,SWAPCHAIN_LOCAL,1000208001,1791481884201742336,,1791481884224568000,,90426502922144,,90426525746464,
651,652,0,white,90426494725866,90426494833790,0,2674923,1,1,SWAPCHAIN_LOCAL,1000208001,1791481884210109440,,1791481884232901344,,90426511289248,,90426534079808,
652,653,1,black,90426503037536,90426503182180,0,2674924,1,1,SWAPCHAIN_LOCAL,1000208001,1791481884218448896,,1791481884241234656,,90426519628704,,90426542413120,
653,654,2,white,90426511388090,90426511491015,0,2674925,1,1,SWAPCHAIN_LOCAL,1000208001,1791481884226756608,,1791481884249568000,,90426527936416,,90426550746464,
654,655,0,black,90426519727333,90426519834576,0,2674926,1,1,SWAPCHAIN_LOCAL,1000208001,1791481884235118592,,1791481884257901344,,90426536298400,,90426559079808,
655,656,1,white,90426528045315,90426528156425,0,2674927,1,1,SWAPCHAIN_LOCAL,1000208001,1791481884243449856,,1791481884266234656,,90426544629664,,90426567413120,
656,657,2,black,90426536325226,90426536377935,0,2674928,1,1,SWAPCHAIN_LOCAL,1000208001,1791481884251754496,,1791481884274568000,,90426552934304,,90426575746464,
657,658,0,white,90426544727708,90426544838628,0,2674929,1,1,SWAPCHAIN_LOCAL,1000208001,1791481884260114432,,1791481884282901344,,90426561294240,,90426584079808,
658,659,1,black,90426552962332,90426553021113,0,2674930,1,1,SWAPCHAIN_LOCAL,1000208001,1791481884268451840,,1791481884291234656,,90426569631648,,90426592413120,
659,660,2,white,90426561391355,90426561499439,0,2674931,1,1,SWAPCHAIN_LOCAL,1000208001,1791481884276744192,,1791481884299568000,,90426577924000,,90426600746464,
660,661,0,black,90426569737441,90426569850514,0,2674932,1,1,SWAPCHAIN_LOCAL,1000208001,1791481884285118464,,1791481884307901344,,90426586298272,,90426609079808,
661,662,1,white,90426577952548,90426578014395,0,2674933,1,1,SWAPCHAIN_LOCAL,1000208001,1791481884293445632,,1791481884316234656,,90426594625440,,90426617413120,
662,663,2,black,90426586398122,90426586506206,0,2674934,1,1,SWAPCHAIN_LOCAL,1000208001,1791481884301751296,,1791481884324568000,,90426602931104,,90426625746464,
663,664,0,white,90426594722797,90426594831913,0,2674935,1,1,SWAPCHAIN_LOCAL,1000208001,1791481884310120448,,1791481884332901344,,90426611300256,,90426634079808,
664,665,1,black,90426603022856,90426603132052,0,2674936,1,1,SWAPCHAIN_LOCAL,1000208001,1791481884318450688,,1791481884341234656,,90426619630496,,90426642413120,
665,666,2,white,90426611399829,90426611506801,0,2674937,1,1,SWAPCHAIN_LOCAL,1000208001,1791481884326747136,,1791481884349568000,,90426627926944,,90426650746464,
666,667,0,black,90426619727980,90426619840092,0,2674938,1,1,SWAPCHAIN_LOCAL,1000208001,1791481884335123456,,1791481884357901344,,90426636303264,,90426659079808,
667,668,1,white,90426627955031,90426628021507,0,2674939,1,1,SWAPCHAIN_LOCAL,1000208001,1791481884343449600,,1791481884366234656,,90426644629408,,90426667413120,
668,669,2,black,90426636391277,90426636482419,0,2674940,1,1,SWAPCHAIN_LOCAL,1000208001,1791481884351759360,,1791481884374568000,,90426652939168,,90426675746464,
669,670,0,white,90426644724319,90426644826642,0,2674941,1,1,SWAPCHAIN_LOCAL,1000208001,1791481884360112128,,1791481884382901344,,90426661291936,,90426684079808,
670,671,1,black,90426653054774,90426653161626,0,2674942,1,1,SWAPCHAIN_LOCAL,1000208001,1791481884368450560,,1791481884391234656,,90426669630368,,90426692413120,
671,672,2,white,90426661391512,90426661499045,0,2674943,1,1,SWAPCHAIN_LOCAL,1000208001,1791481884376752128,,1791481884399568000,,90426677931936,,90426700746464,
672,673,0,black,90426669658447,90426669711738,0,2674944,1,1,SWAPCHAIN_LOCAL,1000208001,1791481884385122304,,1791481884407901344,,90426686302112,,90426709079808,
673,674,1,white,90426677952545,90426678011065,0,2674945,1,1,SWAPCHAIN_LOCAL,1000208001,1791481884393442304,,1791481884416234688,,90426694622112,,90426717413152,
674,675,2,black,90426686415741,90426686521041,0,2674946,1,1,SWAPCHAIN_LOCAL,1000208001,1791481884401752064,,1791481884424568000,,90426702931872,,90426725746464,
675,676,0,white,90426694729496,90426694834394,0,2674947,1,1,SWAPCHAIN_LOCAL,1000208001,1791481884410107904,,1791481884432901344,,90426711287712,,90426734079808,
676,677,1,black,90426703086442,90426703196680,0,2674948,1,1,SWAPCHAIN_LOCAL,1000208001,1791481884418445312,,1791481884441234656,,90426719625120,,90426742413120,
677,678,2,white,90426711320376,90426711372123,0,2674949,1,1,SWAPCHAIN_LOCAL,1000208001,1791481884426755072,,1791481884449568000,,90426727934880,,90426750746464,
678,679,0,black,90426719724471,90426719834799,0,2674950,1,1,SWAPCHAIN_LOCAL,1000208001,1791481884435123200,,1791481884457901344,,90426736303008,,90426759079808,
679,680,1,white,90426727955368,90426727999351,0,2674951,1,1,SWAPCHAIN_LOCAL,1000208001,1791481884443448320,,1791481884466234656,,90426744628128,,90426767413120,
680,681,2,black,90426736401313,90426736511321,0,2674952,1,1,SWAPCHAIN_LOCAL,1000208001,1791481884451758080,,1791481884474568000,,90426752937888,,90426775746464,
681,682,0,white,90426744725857,90426744837188,0,2674953,1,1,SWAPCHAIN_LOCAL,1000208001,1791481884460113920,,1791481884482901344,,90426761293728,,90426784079808,
682,683,1,black,90426753050643,90426753162354,0,2674954,1,1,SWAPCHAIN_LOCAL,1000208001,1791481884468454400,,1791481884491234656,,90426769634208,,90426792413120,
683,684,2,white,90426761392370,90426761498270,0,2674955,1,1,SWAPCHAIN_LOCAL,1000208001,1791481884476754944,,1791481884499568000,,90426777934752,,90426800746464,
684,685,0,black,90426769710503,90426769814820,0,2674956,1,1,SWAPCHAIN_LOCAL,1000208001,1791481884485121024,,1791481884507901344,,90426786300832,,90426809079808,
685,686,1,white,90426778050246,90426778157348,0,2674957,1,1,SWAPCHAIN_LOCAL,1000208001,1791481884493448192,,1791481884516234688,,90426794628000,,90426817413152,
686,687,2,black,90426786400941,90426786506540,0,2674958,1,1,SWAPCHAIN_LOCAL,1000208001,1791481884501760000,,1791481884524568000,,90426802939808,,90426825746464,
687,688,0,white,90426794725786,90426794834201,0,2674959,1,1,SWAPCHAIN_LOCAL,1000208001,1791481884510121984,,1791481884532901344,,90426811301792,,90426834079808,
688,689,1,black,90426803094434,90426803215142,0,2674960,1,1,SWAPCHAIN_LOCAL,1000208001,1791481884518450176,,1791481884541234656,,90426819629984,,90426842413120,
689,690,2,white,90426811332114,90426811388731,0,2674961,1,1,SWAPCHAIN_LOCAL,1000208001,1791481884526749696,,1791481884549568000,,90426827929504,,90426850746464,
690,691,0,black,90426819742662,90426819857088,0,2674962,1,1,SWAPCHAIN_LOCAL,1000208001,1791481884535115776,,1791481884557901344,,90426836295584,,90426859079808,
691,692,1,white,90426828078377,90426828192754,0,2674963,1,1,SWAPCHAIN_LOCAL,1000208001,1791481884543438848,,1791481884566234656,,90426844618656,,90426867413120,
692,693,2,black,90426836392984,90426836499034,0,2674964,1,1,SWAPCHAIN_LOCAL,1000208001,1791481884551751680,,1791481884574568000,,90426852931488,,90426875746464,
693,694,0,white,90426844715985,90426844821595,0,2674965,1,1,SWAPCHAIN_LOCAL,1000208001,1791481884560119808,,1791481884582901344,,90426861299616,,90426884079808,
694,695,1,black,90426853040781,90426853147342,0,2674966,1,1,SWAPCHAIN_LOCAL,1000208001,1791481884568443904,,1791481884591234656,,90426869623712,,90426892413120,
695,696,2,white,90426861397546,90426861510349,0,2674967,1,1,SWAPCHAIN_LOCAL,1000208001,1791481884576752640,,1791481884599568000,,90426877932448,,90426900746464,
696,697,0,black,90426869723314,90426869829815,0,2674968,1,1,SWAPCHAIN_LOCAL,1000208001,1791481884585112576,,1791481884607901344,,90426886292384,,90426909079808,
697,698,1,white,90426878049251,90426878162715,0,2674969,1,1,SWAPCHAIN_LOCAL,1000208001,1791481884593446912,,1791481884616234656,,90426894626720,,90426917413120,
698,699,2,black,90426886312139,90426886356222,0,2674970,1,1,SWAPCHAIN_LOCAL,1000208001,1791481884601749504,,1791481884624568000,,90426902929312,,90426925746464,
699,700,0,white,90426894723708,90426894837523,0,2674971,1,1,SWAPCHAIN_LOCAL,1000208001,1791481884610115584,,1791481884632901344,,90426911295392,,90426934079808,
700,701,1,black,90426902961459,90426903026522,0,2674972,1,1,SWAPCHAIN_LOCAL,1000208001,1791481884618448896,,1791481884641234656,,90426919628704,,90426942413120,
701,702,2,white,90426911315930,90426911364021,0,2674973,1,1,SWAPCHAIN_LOCAL,1000208001,1791481884626753536,,1791481884649568000,,90426927933344,,90426950746464,
702,703,0,black,90426919727028,90426919833470,0,2674974,1,1,SWAPCHAIN_LOCAL,1000208001,1791481884635116544,,1791481884657901344,,90426936296352,,90426959079808,
703,704,1,white,90426928035373,90426928143457,0,2674975,1,1,SWAPCHAIN_LOCAL,1000208001,1791481884643449856,,1791481884666234656,,90426944629664,,90426967413120,
704,705,2,black,90426936396457,90426936514460,0,2674976,1,1,SWAPCHAIN_LOCAL,1000208001,1791481884651753472,,1791481884674568000,,90426952933280,,90426975746464,
705,706,0,white,90426944656750,90426944708187,0,2674977,1,1,SWAPCHAIN_LOCAL,1000208001,1791481884660122624,,1791481884682901344,,90426961302432,,90426984079808,
706,707,1,black,90426952953812,90426953011842,0,2674978,1,1,SWAPCHAIN_LOCAL,1000208001,1791481884668442624,,1791481884691234656,,90426969622432,,90426992413120,
707,708,2,white,90426961397904,90426961503934,0,2674979,1,1,SWAPCHAIN_LOCAL,1000208001,1791481884676746240,,1791481884699568000,,90426977926048,,90427000746464,
708,709,0,black,90426969653538,90426969708081,0,2674980,1,1,SWAPCHAIN_LOCAL,1000208001,1791481884685120512,,1791481884707901344,,90426986300320,,90427009079808,
709,710,1,white,90426978039048,90426978152703,0,2674981,1,1,SWAPCHAIN_LOCAL,1000208001,1791481884693452800,,1791481884716234688,,90426994632608,,90427017413152,
710,711,2,black,90426986404149,90426986516341,0,2674982,1,1,SWAPCHAIN_LOCAL,1000208001,1791481884701753344,,1791481884724568000,,90427002933152,,90427025746464,
711,712,0,white,90426994724526,90426994830166,0,2674983,1,1,SWAPCHAIN_LOCAL,1000208001,1791481884710116352,,1791481884732901344,,90427011296160,,90427034079808,
712,713,1,black,90427003046947,90427003153008,0,2674984,1,1,SWAPCHAIN_LOCAL,1000208001,1791481884718451712,,1791481884741234656,,90427019631520,,90427042413120,
713,714,2,white,90427011394685,90427011499564,0,2674985,1,1,SWAPCHAIN_LOCAL,1000208001,1791481884726754304,,1791481884749568000,,90427027934112,,90427050746464,
714,715,0,black,90427019725833,90427019830951,0,2674986,1,1,SWAPCHAIN_LOCAL,1000208001,1791481884735129600,,1791481884757901344,,90427036309408,,90427059079808,
715,716,1,white,90427028052812,90427028161428,0,2674987,1,1,SWAPCHAIN_LOCAL,1000208001,1791481884743438336,,1791481884766234656,,90427044618144,,90427067413120,
716,717,2,black,90427036400952,90427036510819,0,2674988,1,1,SWAPCHAIN_LOCAL,1000208001,1791481884751747072,,1791481884774568000,,90427052926880,,90427075746464,
717,718,0,white,90427044644624,90427044700389,0,2674989,1,1,SWAPCHAIN_LOCAL,1000208001,1791481884760113152,,1791481884782901344,,90427061292960,,90427084079808,
718,719,1,black,90427053039892,90427053150611,0,2674990,1,1,SWAPCHAIN_LOCAL,1000208001,1791481884768442368,,1791481884791234656,,90427069622176,,90427092413120,
719,720,2,white,90427061394383,90427061502317,0,2674991,1,1,SWAPCHAIN_LOCAL,1000208001,1791481884776756224,,1791481884799568000,,90427077936032,,90427100746464,
720,721,0,black,90427069646802,90427069688571,0,2674992,1,1,SWAPCHAIN_LOCAL,1000208001,1791481884785114112,,1791481884807901344,,90427086293920,,90427109079808,
721,722,1,white,90427078045356,90427078153601,0,2674993,1,1,SWAPCHAIN_LOCAL,1000208001,1791481884793450496,,1791481884816234688,,90427094630304,,90427117413152,
722,723,2,black,90427086392865,90427086496390,0,2674994,1,1,SWAPCHAIN_LOCAL,1000208001,1791481884801751040,,1791481884824568000,,90427102930848,,90427125746464,
723,724,0,white,90427094657897,90427094712089,0,2674995,1,1,SWAPCHAIN_LOCAL,1000208001,1791481884810114048,,1791481884832901344,,90427111293856,,90427134079808,
724,725,1,black,90427103046012,90427103152773,0,2674996,1,1,SWAPCHAIN_LOCAL,1000208001,1791481884818453504,,1791481884841234656,,90427119633312,,90427142413120,
725,726,2,white,90427111392638,90427111498027,0,2674997,1,1,SWAPCHAIN_LOCAL,1000208001,1791481884826752000,,1791481884849568000,,90427127931808,,90427150746464,
726,727,0,black,90427119726070,90427119833122,0,2674998,1,1,SWAPCHAIN_LOCAL,1000208001,1791481884835112960,,1791481884857901344,,90427136292768,,90427159079808,
727,728,1,white,90427128046687,90427128152718,0,2674999,1,1,SWAPCHAIN_LOCAL,1000208001,1791481884843450368,,1791481884866234656,,90427144630176,,90427167413120,
728,729,2,black,90427136391120,90427136498984,0,2675000,1,1,SWAPCHAIN_LOCAL,1000208001,1791481884851753984,,1791481884874568000,,90427152933792,,90427175746464,
729,730,0,white,90427144657414,90427144711567,0,2675001,1,1,SWAPCHAIN_LOCAL,1000208001,1791481884860128256,,1791481884882901344,,90427161308064,,90427184079808,
730,731,1,black,90427153053805,90427153160467,0,2675002,1,1,SWAPCHAIN_LOCAL,1000208001,1791481884868454400,,1791481884891234656,,90427169634208,,90427192413120,
731,732,2,white,90427161407024,90427161521169,0,2675003,1,1,SWAPCHAIN_LOCAL,1000208001,1791481884876749824,,1791481884899568000,,90427177929632,,90427200746464,
732,733,0,black,90427169662377,90427169716209,0,2675004,1,1,SWAPCHAIN_LOCAL,1000208001,1791481884885122048,,1791481884907901344,,90427186301856,,90427209079808,
733,734,1,white,90427178043309,90427178149870,0,2675005,1,1,SWAPCHAIN_LOCAL,1000208001,1791481884893449216,,1791481884916234656,,90427194629024,,90427217413120,
734,735,2,black,90427186398842,90427186506356,0,2675006,1,1,SWAPCHAIN_LOCAL,1000208001,1791481884901756928,,1791481884924568000,,90427202936736,,90427225746464,
735,736,0,white,90427194726092,90427194832684,0,2675007,1,1,SWAPCHAIN_LOCAL,1000208001,1791481884910114816,,1791481884932901344,,90427211294624,,90427234079808,
736,737,1,black,90427202964494,90427203023135,0,2675008,1,1,SWAPCHAIN_LOCAL,1000208001,1791481884918443008,,1791481884941234656,,90427219622816,,90427242413120,
737,738,2,white,90427211315058,90427211363219,0,2675009,1,1,SWAPCHAIN_LOCAL,1000208001,1791481884926751744,,1791481884949568000,,90427227931552,,90427250746464,
738,739,0,black,90427219642468,90427219690088,0,2675010,1,1,SWAPCHAIN_LOCAL,1000208001,1791481884935115776,,1791481884957901344,,90427236295584,,90427259079808,
739,740,1,white,90427228044530,90427228158205,0,2675011,1,1,SWAPCHAIN_LOCAL,1000208001,1791481884943457280,,1791481884966234656,,90427244637088,,90427267413120,
740,741,2,black,90427236326704,90427236380376,0,2675012,1,1,SWAPCHAIN_LOCAL,1000208001,1791481884951746560,,1791481884974568000,,90427252926368,,90427275746464,
741,742,0,white,90427244729387,90427244841819,0,2675013,1,1,SWAPCHAIN_LOCAL,1000208001,1791481884960107520,,1791481884982901344,,90427261287328,,90427284079808,
742,743,1,black,90427253026830,90427253126088,0,2675014,1,1,SWAPCHAIN_LOCAL,1000208001,1791481884968452096,,1791481884991234656,,90427269631904,,90427292413120,
743,744,2,white,90427261385801,90427261492382,0,2675015,1,1,SWAPCHAIN_LOCAL,1000208001,1791481884976752640,,1791481884999568000,,90427277932448,,90427300746464,
744,745,0,black,90427269730403,90427269837896,0,2675016,1,1,SWAPCHAIN_LOCAL,1000208001,1791481884985120768,,1791481885007901344,,90427286300576,,90427309079808,
745,746,1,white,90427277959918,90427278019170,0,2675017,1,1,SWAPCHAIN_LOCAL,1000208001,1791481884993454080,,1791481885016234688,,90427294633888,,90427317413152,
746,747,2,black,90427286321052,90427286369874,0,2675018,1,1,SWAPCHAIN_LOCAL,1000208001,1791481885001754624,,1791481885024568000,,90427302934432,,90427325746464,
747,748,0,white,90427294730497,90427294837479,0,2675019,1,1,SWAPCHAIN_LOCAL,1000208001,1791481885010121728,,1791481885032901344,,90427311301536,,90427334079808,
748,749,1,black,90427303046105,90427303152767,0,2675020,1,1,SWAPCHAIN_LOCAL,1000208001,1791481885018441728,,1791481885041234656,,90427319621536,,90427342413120,
749,750,2,white,90427311398312,90427311510183,0,2675021,1,1,SWAPCHAIN_LOCAL,1000208001,1791481885026756608,,1791481885049568000,,90427327936416,,90427350746464,
750,751,0,black,90427319653606,90427319706386,0,2675022,1,1,SWAPCHAIN_LOCAL,1000208001,1791481885035113472,,1791481885057901344,,90427336293280,,90427359079808,
751,752,1,white,90427328043895,90427328152120,0,2675023,1,1,SWAPCHAIN_LOCAL,1000208001,1791481885043447808,,1791481885066234656,,90427344627616,,90427367413120,
752,753,2,black,90427336320980,90427336372277,0,2675024,1,1,SWAPCHAIN_LOCAL,1000208001,1791481885051746304,,1791481885074568000,,90427352926112,,90427375746464,
753,754,0,white,90427344731908,90427344849811,0,2675025,1,1,SWAPCHAIN_LOCAL,1000208001,1791481885060114432,,1791481885082901344,,90427361294240,,90427384079808,
754,755,1,black,90427353035683,90427353132246,0,2675026,1,1,SWAPCHAIN_LOCAL,1000208001,1791481885068451840,,1791481885091234656,,90427369631648,,90427392413120,
755,756,2,white,90427361390276,90427361507076,0,2675027,1,1,SWAPCHAIN_LOCAL,1000208001,1791481885076756480,,1791481885099568000,,90427377936288,,90427400746464,
756,757,0,black,90427369659826,90427369713237,0,2675028,1,1,SWAPCHAIN_LOCAL,1000208001,1791481885085114368,,1791481885107901344,,90427386294176,,90427409079808,
757,758,1,white,90427377956017,90427378013245,0,2675029,1,1,SWAPCHAIN_LOCAL,1000208001,1791481885093450752,,1791481885116234688,,90427394630560,,90427417413152,
758,759,2,black,90427386311370,90427386360062,0,2675030,1,1,SWAPCHAIN_LOCAL,1000208001,1791481885101748224,,1791481885124568000,,90427402928032,,90427425746464,
759,760,0,white,90427394727207,90427394836985,0,2675031,1,1,SWAPCHAIN_LOCAL,1000208001,1791481885110123520,,1791481885132901344,,90427411303328,,90427434079808,
760,761,1,black,90427403043497,90427403156601,0,2675032,1,1,SWAPCHAIN_LOCAL,1000208001,1791481885118449664,,1791481885141234656,,90427419629472,,90427442413120,
761,762,2,white,90427411384332,90427411479612,0,2675033,1,1,SWAPCHAIN_LOCAL,1000208001,1791481885126752256,,1791481885149568000,,90427427932064,,90427450746464,
762,763,0,black,90427419656197,90427419706382,0,2675034,1,1,SWAPCHAIN_LOCAL,1000208001,1791481885135115264,,1791481885157901344,,90427436295072,,90427459079808,
763,764,1,white,90427428046777,90427428154490,0,2675035,1,1,SWAPCHAIN_LOCAL,1000208001,1791481885143451648,,1791481885166234656,,90427444631456,,90427467413120,
764,765,2,black,90427436382733,90427436478334,0,2675036,1,1,SWAPCHAIN_LOCAL,1000208001,1791481885151764480,,1791481885174568000,,90427452944288,,90427475746464,
765,766,0,white,90427444721575,90427444834609,0,2675037,1,1,SWAPCHAIN_LOCAL,1000208001,1791481885160131584,,1791481885182901344,,90427461311392,,90427484079808,
766,767,1,black,90427453061989,90427453176576,0,2675038,1,1,SWAPCHAIN_LOCAL,1000208001,1791481885168449536,,1791481885191234656,,90427469629344,,90427492413120,
767,768,2,white,90427461402515,90427461497374,0,2675039,1,1,SWAPCHAIN_LOCAL,1000208001,1791481885176762368,,1791481885199568000,,90427477942176,,90427500746464,
768,769,0,black,90427469659011,90427469712632,0,2675040,1,1,SWAPCHAIN_LOCAL,1000208001,1791481885185115136,,1791481885207901344,,90427486294944,,90427509079808,
769,770,1,white,90427478057385,90427478172483,0,2675041,1,1,SWAPCHAIN_LOCAL,1000208001,1791481885193440256,,1791481885216234656,,90427494620064,,90427517413120,
770,771,2,black,90427486327307,90427486379926,0,2675042,1,1,SWAPCHAIN_LOCAL,1000208001,1791481885201753088,,1791481885224568000,,90427502932896,,90427525746464,
771,772,0,white,90427494632755,90427494682429,0,2675043,1,1,SWAPCHAIN_LOCAL,1000208001,1791481885210123264,,1791481885232901344,,90427511303072,,90427534079808,
772,773,1,black,90427502942412,90427502991825,0,2675044,1,1,SWAPCHAIN_LOCAL,1000208001,1791481885218451456,,1791481885241234656,,90427519631264,,90427542413120,
773,774,2,white,90427511312082,90427511360203,0,2675045,1,1,SWAPCHAIN_LOCAL,1000208001,1791481885226746880,,1791481885249568000,,90427527926688,,90427550746464,
774,775,0,black,90427519639733,90427519688836,0,2675046,1,1,SWAPCHAIN_LOCAL,1000208001,1791481885235122176,,1791481885257901344,,90427536301984,,90427559079808,
775,776,1,white,90427527935513,90427527983333,0,2675047,1,1,SWAPCHAIN_LOCAL,1000208001,1791481885243449344,,1791481885266234656,,90427544629152,,90427567413120,
776,777,2,black,90427536396546,90427536508508,0,2675048,1,1,SWAPCHAIN_LOCAL,1000208001,1791481885251753984,,1791481885274568000,,90427552933792,,90427575746464,
777,778,0,white,90427544722623,90427544831519,0,2675049,1,1,SWAPCHAIN_LOCAL,1000208001,1791481885260113920,,1791481885282901344,,90427561293728,,90427584079808,
778,779,1,black,90427552960484,90427553028994,0,2675050,1,1,SWAPCHAIN_LOCAL,1000208001,1791481885268445184,,1791481885291234656,,90427569624992,,90427592413120,
779,780,2,white,90427561388114,90427561496038,0,2675051,1,1,SWAPCHAIN_LOCAL,1000208001,1791481885276756992,,1791481885299568000,,90427577936800,,90427600746464,
780,781,0,black,90427569720554,90427569841352,0,2675052,1,1,SWAPCHAIN_LOCAL,1000208001,1791481885285120000,,1791481885307901344,,90427586299808,,90427609079808,
781,782,1,white,90427578039007,90427578147021,0,2675053,1,1,SWAPCHAIN_LOCAL,1000208001,1791481885293452288,,1791481885316234688,,90427594632096,,90427617413152,
782,783,2,black,90427586393178,90427586504659,0,2675054,1,1,SWAPCHAIN_LOCAL,1000208001,1791481885301750784,,1791481885324568000,,90427602930592,,90427625746464,
783,784,0,white,90427594727411,90427594838661,0,2675055,1,1,SWAPCHAIN_LOCAL,1000208001,1791481885310120960,,1791481885332901344,,90427611300768,,90427634079808,
784,785,1,black,90427603028942,90427603130193,0,2675056,1,1,SWAPCHAIN_LOCAL,1000208001,1791481885318457344,,1791481885341234688,,90427619637152,,90427642413152,
785,786,2,white,90427611327268,90427611378845,0,2675057,1,1,SWAPCHAIN_LOCAL,1000208001,1791481885326753792,,1791481885349568000,,90427627933600,,90427650746464,
786,787,0,black,90427619721033,90427619814680,0,2675058,1,1,SWAPCHAIN_LOCAL,1000208001,1791481885335115776,,1791481885357901344,,90427636295584,,90427659079808,
787,788,1,white,90427628042162,90427628151628,0,2675059,1,1,SWAPCHAIN_LOCAL,1000208001,1791481885343448064,,1791481885366234656,,90427644627872,,90427667413120,
788,789,2,black,90427636322813,90427636374040,0,2675060,1,1,SWAPCHAIN_LOCAL,1000208001,1791481885351756800,,1791481885374568000,,90427652936608,,90427675746464,
789,790,0,white,90427644725606,90427644843699,0,2675061,1,1,SWAPCHAIN_LOCAL,1000208001,1791481885360121856,,1791481885382901344,,90427661301664,,90427684079808,
790,791,1,black,90427653055180,90427653161982,0,2675062,1,1,SWAPCHAIN_LOCAL,1000208001,1791481885368445952,,1791481885391234656,,90427669625760,,90427692413120,
791,792,2,white,90427661392148,90427661512335,0,2675063,1,1,SWAPCHAIN_LOCAL,1000208001,1791481885376754688,,1791481885399568000,,90427677934496,,90427700746464,
792,793,0,black,90427669724397,90427669832301,0,2675064,1,1,SWAPCHAIN_LOCAL,1000208001,1791481885385116672,,1791481885407901344,,90427686296480,,90427709079808,
793,794,1,white,90427678043953,90427678154141,0,2675065,1,1,SWAPCHAIN_LOCAL,1000208001,1791481885393453056,,1791481885416234688,,90427694632864,,90427717413152,
794,795,2,black,90427686392994,90427686500687,0,2675066,1,1,SWAPCHAIN_LOCAL,1000208001,1791481885401751552,,1791481885424568000,,90427702931360,,90427725746464,
795,796,0,white,90427694659559,90427694711217,0,2675067,1,1,SWAPCHAIN_LOCAL,1000208001,1791481885410120704,,1791481885432901344,,90427711300512,,90427734079808,
796,797,1,black,90427702951322,90427702999292,0,2675068,1,1,SWAPCHAIN_LOCAL,1000208001,1791481885418455040,,1791481885441234656,,90427719634848,,90427742413120,
797,798,2,white,90427711397687,90427711506923,0,2675069,1,1,SWAPCHAIN_LOCAL,1000208001,1791481885426754560,,1791481885449568000,,90427727934368,,90427750746464,
798,799,0,black,90427719733613,90427719842379,0,2675070,1,1,SWAPCHAIN_LOCAL,1000208001,1791481885435118592,,1791481885457901344,,90427736298400,,90427759079808,
799,800,1,white,90427728046536,90427728156584,0,2675071,1,1,SWAPCHAIN_LOCAL,1000208001,1791481885443448832,,1791481885466234656,,90427744628640,,90427767413120,
800,801,2,black,90427736330314,90427736383444,0,2675072,1,1,SWAPCHAIN_LOCAL,1000208001,1791481885451750400,,1791481885474568000,,90427752930208,,90427775746464,
801,802,0,white,90427744719561,90427744832445,0,2675073,1,1,SWAPCHAIN_LOCAL,1000208001,1791481885460118528,,1791481885482901344,,90427761298336,,90427784079808,
802,803,1,black,90427752950489,90427752992789,0,2675074,1,1,SWAPCHAIN_LOCAL,1000208001,1791481885468447744,,1791481885491234656,,90427769627552,,90427792413120,
803,804,2,white,90427761399659,90427761512552,0,2675075,1,1,SWAPCHAIN_LOCAL,1000208001,1791481885476748288,,1791481885499568000,,90427777928096,,90427800746464,
804,805,0,black,90427769728091,90427769836906,0,2675076,1,1,SWAPCHAIN_LOCAL,1000208001,1791481885485123584,,1791481885507901344,,90427786303392,,90427809079808,
805,806,1,white,90427778026016,90427778121987,0,2675077,1,1,SWAPCHAIN_LOCAL,1000208001,1791481885493445632,,1791481885516234656,,90427794625440,,90427817413120,
806,807,2,black,90427786395265,90427786504531,0,2675078,1,1,SWAPCHAIN_LOCAL,1000208001,1791481885501747200,,1791481885524568000,,90427802927008,,90427825746464,
807,808,0,white,90427794652272,90427794705132,0,2675079,1,1,SWAPCHAIN_LOCAL,1000208001,1791481885510122496,,1791481885532901344,,90427811302304,,90427834079808,
808,809,1,black,90427802946399,90427802997165,0,2675080,1,1,SWAPCHAIN_LOCAL,1000208001,1791481885518448640,,1791481885541234656,,90427819628448,,90427842413120,
809,810,2,white,90427811400339,90427811508995,0,2675081,1,1,SWAPCHAIN_LOCAL,1000208001,1791481885526752256,,1791481885549568000,,90427827932064,,90427850746464,
810,811,0,black,90427819730604,90427819838838,0,2675082,1,1,SWAPCHAIN_LOCAL,1000208001,1791481885535119360,,1791481885557901344,,90427836299168,,90427859079808,
811,812,1,white,90427828039188,90427828149276,0,2675083,1,1,SWAPCHAIN_LOCAL,1000208001,1791481885543438336,,1791481885566234656,,90427844618144,,90427867413120,
812,813,2,black,90427836326463,90427836378602,0,2675084,1,1,SWAPCHAIN_LOCAL,1000208001,1791481885551756288,,1791481885574568000,,90427852936096,,90427875746464,
813,814,0,white,90427844716071,90427844824345,0,2675085,1,1,SWAPCHAIN_LOCAL,1000208001,1791481885560119296,,1791481885582901344,,90427861299104,,90427884079808,
814,815,1,black,90427852962949,90427853027491,0,2675086,1,1,SWAPCHAIN_LOCAL,1000208001,1791481885568449536,,1791481885591234656,,90427869629344,,90427892413120,
815,816,2,white,90427861398523,90427861510916,0,2675087,1,1,SWAPCHAIN_LOCAL,1000208001,1791481885576750080,,1791481885599568000,,90427877929888,,90427900746464,
816,817,0,black,90427869718430,90427869826845,0,2675088,1,1,SWAPCHAIN_LOCAL,1000208001,1791481885585115136,,1791481885607901344,,90427886294944,,90427909079808,
817,818,1,white,90427878038746,90427878151439,0,2675089,1,1,SWAPCHAIN_LOCAL,1000208001,1791481885593452544,,1791481885616234688,,90427894632352,,90427917413152,
818,819,2,black,90427886321562,90427886373510,0,2675090,1,1,SWAPCHAIN_LOCAL,1000208001,1791481885601755136,,1791481885624568000,,90427902934944,,90427925746464,
819,820,0,white,90427894729605,90427894840063,0,2675091,1,1,SWAPCHAIN_LOCAL,1000208001,1791481885610118144,,1791481885632901344,,90427911297952,,90427934079808,
820,821,1,black,90427902966554,90427903025445,0,2675092,1,1,SWAPCHAIN_LOCAL,1000208001,1791481885618442240,,1791481885641234656,,90427919622048,,90427942413120,
821,822,2,white,90427911316146,90427911367162,0,2675093,1,1,SWAPCHAIN_LOCAL,1000208001,1791481885626756096,,1791481885649568000,,90427927935904,,90427950746464,
822,823,0,black,90427919721033,90427919828386,0,2675094,1,1,SWAPCHAIN_LOCAL,1000208001,1791481885635121152,,1791481885657901344,,90427936300960,,90427959079808,
823,824,1,white,90427928049234,90427928158831,0,2675095,1,1,SWAPCHAIN_LOCAL,1000208001,1791481885643448320,,1791481885666234688,,90427944628128,,90427967413152,
824,825,2,black,90427936319667,90427936361265,0,2675096,1,1,SWAPCHAIN_LOCAL,1000208001,1791481885651753984,,1791481885674568000,,90427952933792,,90427975746464,
825,826,0,white,90427944647928,90427944699376,0,2675097,1,1,SWAPCHAIN_LOCAL,1000208001,1791481885660111872,,1791481885682901344,,90427961291680,,90427984079808,
826,827,1,black,90427953047605,90427953156521,0,2675098,1,1,SWAPCHAIN_LOCAL,1000208001,1791481885668445184,,1791481885691234656,,90427969624992,,90427992413120,
827,828,2,white,90427961385505,90427961497727,0,2675099,1,1,SWAPCHAIN_LOCAL,1000208001,1791481885676755968,,1791481885699568000,,90427977935776,,90428000746464,
828,829,0,black,90427969709630,90427969804750,0,2675100,1,1,SWAPCHAIN_LOCAL,1000208001,1791481885685114880,,1791481885707901344,,90427986294688,,90428009079808,
829,830,1,white,90427978050354,90427978161044,0,2675101,1,1,SWAPCHAIN_LOCAL,1000208001,1791481885693449216,,1791481885716234656,,90427994629024,,90428017413120,
830,831,2,black,90427986326047,90427986377344,0,2675102,1,1,SWAPCHAIN_LOCAL,1000208001,1791481885701752832,,1791481885724568000,,90428002932640,,90428025746464,
831,832,0,white,90427994727597,90427994836764,0,2675103,1,1,SWAPCHAIN_LOCAL,1000208001,1791481885710137344,,1791481885732901344,,90428011317152,,90428034079808,
832,833,1,black,90428003045309,90428003163512,0,2675104,1,1,SWAPCHAIN_LOCAL,1000208001,1791481885718449152,,1791481885741234656,,90428019628960,,90428042413120,
833,834,2,white,90428011344005,90428011395873,0,2675105,1,1,SWAPCHAIN_LOCAL,1000208001,1791481885726751744,,1791481885749568000,,90428027931552,,90428050746464,
834,835,0,black,90428019649153,90428019700751,0,2675106,1,1,SWAPCHAIN_LOCAL,1000208001,1791481885735115776,,1791481885757901344,,90428036295584,,90428059079808,
835,836,1,white,90428027951346,90428027998675,0,2675107,1,1,SWAPCHAIN_LOCAL,1000208001,1791481885743458304,,1791481885766234656,,90428044638112,,90428067413120,
836,837,2,black,90428036392060,90428036500134,0,2675108,1,1,SWAPCHAIN_LOCAL,1000208001,1791481885751742464,,1791481885774568000,,90428052922272,,90428075746464,
837,838,0,white,90428044736092,90428044844517,0,2675109,1,1,SWAPCHAIN_LOCAL,1000208001,1791481885760110592,,1791481885782901344,,90428061290400,,90428084079808,
838,839,1,black,90428053035749,90428053144685,0,2675110,1,1,SWAPCHAIN_LOCAL,1000208001,1791481885768446976,,1791481885791234656,,90428069626784,,90428092413120,
839,840,2,white,90428061388547,90428061511951,0,2675111,1,1,SWAPCHAIN_LOCAL,1000208001,1791481885776757760,,1791481885799568000,,90428077937568,,90428100746464,
840,841,0,black,90428069724263,90428069833500,0,2675112,1,1,SWAPCHAIN_LOCAL,1000208001,1791481885785125888,,1791481885807901344,,90428086305696,,90428109079808,
841,842,1,white,90428078049440,90428078168094,0,2675113,1,1,SWAPCHAIN_LOCAL,1000208001,1791481885793451008,,1791481885816234688,,90428094630816,,90428117413152,
842,843,2,black,90428086402378,90428086516974,0,2675114,1,1,SWAPCHAIN_LOCAL,1000208001,1791481885801754624,,1791481885824568000,,90428102934432,,90428125746464,
843,844,0,white,90428094726281,90428094839505,0,2675115,1,1,SWAPCHAIN_LOCAL,1000208001,1791481885810119680,,1791481885832901344,,90428111299488,,90428134079808,
844,845,1,black,90428103047520,90428103156606,0,2675116,1,1,SWAPCHAIN_LOCAL,1000208001,1791481885818451968,,1791481885841234656,,90428119631776,,90428142413120,
845,846,2,white,90428111396230,90428111503002,0,2675117,1,1,SWAPCHAIN_LOCAL,1000208001,1791481885826759680,,1791481885849568000,,90428127939488,,90428150746464,
846,847,0,black,90428119713141,90428119809042,0,2675118,1,1,SWAPCHAIN_LOCAL,1000208001,1791481885835114496,,1791481885857901344,,90428136294304,,90428159079808,
847,848,1,white,90428128052203,90428128161530,0,2675119,1,1,SWAPCHAIN_LOCAL,1000208001,1791481885844853760,,1791481885866234656,,90428146033568,,90428167413120,
848,849,2,black,90428136321794,90428136374263,0,2675120,1,1,SWAPCHAIN_LOCAL,1000208001,1791481885853117440,,1791481885874568000,,90428154297248,,90428175746464,
849,850,0,white,90428146134992,90428146245541,0,2675121,1,1,SWAPCHAIN_LOCAL,1000208001,1791481885861557248,,1791481885882901344,,90428162737056,,90428184079808,
850,851,1,black,90428154404824,90428154514461,0,2675122,1,1,SWAPCHAIN_LOCAL,1000208001,1791481885869868032,,1791481885891234656,,90428171047840,,90428192413120,
851,852,2,white,90428162764655,90428162821783,0,2675123,1,1,SWAPCHAIN_LOCAL,1000208001,1791481885878125568,,1791481885899568000,,90428179305376,,90428200746464,
852,853,0,black,90428171066046,90428171118165,0,2675124,1,1,SWAPCHAIN_LOCAL,1000208001,1791481885886584832,,1791481885907901344,,90428187764640,,90428209079808,
853,854,1,white,90428179325718,90428179377456,0,2675125,1,1,SWAPCHAIN_LOCAL,1000208001,1791481885894871040,,1791481885916234656,,90428196050848,,90428217413120,
854,855,2,black,90428187866712,90428187978003,0,2675126,1,1,SWAPCHAIN_LOCAL,1000208001,1791481885903118336,,1791481885924568000,,90428204298144,,90428225746464,
855,856,0,white,90428196152414,90428196263283,0,2675127,1,1,SWAPCHAIN_LOCAL,1000208001,1791481885911591936,,1791481885932901344,,90428212771744,,90428234079808,
856,857,1,black,90428204391687,90428204501094,0,2675128,1,1,SWAPCHAIN_LOCAL,1000208001,1791481885919895552,,1791481885941234656,,90428221075360,,90428242413120,
857,858,2,white,90428212873990,90428212984749,0,2675129,1,1,SWAPCHAIN_LOCAL,1000208001,1791481885928130560,,1791481885949568000,,90428229310368,,90428250746464,
858,859,0,black,90428221102794,90428221156846,0,2675130,1,1,SWAPCHAIN_LOCAL,1000208001,1791481885936570368,,1791481885957901344,,90428237750176,,90428259079808,
859,860,1,white,90428229331377,90428229386061,0,2675131,1,1,SWAPCHAIN_LOCAL,1000208001,1791481885944872960,,1791481885966234656,,90428246052768,,90428267413120,
860,861,2,black,90428237857443,90428237965998,0,2675132,1,1,SWAPCHAIN_LOCAL,1000208001,1791481885953122304,,1791481885974568000,,90428254302112,,90428275746464,
861,862,0,white,90428246151921,90428246262289,0,2675133,1,1,SWAPCHAIN_LOCAL,1000208001,1791481885961575424,,1791481885982901344,,90428262755232,,90428284079808,
862,863,1,black,90428254397326,90428254495782,0,2675134,1,1,SWAPCHAIN_LOCAL,1000208001,1791481885969863680,,1791481885991234656,,90428271043488,,90428292413120,
863,864,2,white,90428262853640,90428262963758,0,2675135,1,1,SWAPCHAIN_LOCAL,1000208001,1791481885978114048,,1791481885999568000,,90428279293856,,90428300746464,
864,865,0,black,90428271071152,90428271124433,0,2675136,1,1,SWAPCHAIN_LOCAL,1000208001,1791481885986592768,,1791481886007901344,,90428287772576,,90428309079808,
865,866,1,white,90428279313912,90428279365791,0,2675137,1,1,SWAPCHAIN_LOCAL,1000208001,1791481885994862592,,1791481886016234688,,90428296042400,,90428317413152,
866,867,2,black,90428287868092,90428287981356,0,2675138,1,1,SWAPCHAIN_LOCAL,1000208001,1791481886003137536,,1791481886024568000,,90428304317344,,90428325746464,
867,868,0,white,90428296072940,90428296128354,0,2675139,1,1,SWAPCHAIN_LOCAL,1000208001,1791481886011577344,,1791481886032901344,,90428312757152,,90428334079808,
868,869,1,black,90428304343212,90428304397184,0,2675140,1,1,SWAPCHAIN_LOCAL,1000208001,1791481886019867648,,1791481886041234656,,90428321047456,,90428342413120,
869,870,2,white,90428312776783,90428312828260,0,2675141,1,1,SWAPCHAIN_LOCAL,1000208001,1791481886028127232,,1791481886049568000,,90428329307040,,90428350746464,
870,871,0,black,90428321072233,90428321122187,0,2675142,1,1,SWAPCHAIN_LOCAL,1000208001,1791481886036591616,,1791481886057901344,,90428337771424,,90428359079808,
871,872,1,white,90428329326775,90428329378443,0,2675143,1,1,SWAPCHAIN_LOCAL,1000208001,1791481886044864512,,1791481886066234656,,90428346044320,,90428367413120,
872,873,2,black,90428337874552,90428337981694,0,2675144,1,1,SWAPCHAIN_LOCAL,1000208001,1791481886053127168,,1791481886074568000,,90428354306976,,90428375746464,
873,874,0,white,90428346144964,90428346252908,0,2675145,1,1,SWAPCHAIN_LOCAL,1000208001,1791481886061577216,,1791481886082901344,,90428362757024,,90428384079808,
874,875,1,black,90428354409165,90428354524964,0,2675146,1,1,SWAPCHAIN_LOCAL,1000208001,1791481886069867520,,1791481886091234656,,90428371047328,,90428392413120,
875,876,2,white,90428362785097,90428362837856,0,2675147,1,1,SWAPCHAIN_LOCAL,1000208001,1791481886078125056,,1791481886099568000,,90428379304864,,90428400746464,
876,877,0,black,90428371068904,90428371121674,0,2675148,1,1,SWAPCHAIN_LOCAL,1000208001,1791481886086561792,,1791481886107901344,,90428387741600,,90428409079808,
877,878,1,white,90428379325070,90428379375636,0,2675149,1,1,SWAPCHAIN_LOCAL,1000208001,1791481886094861312,,1791481886116234688,,90428396041120,,90428417413152,
878,879,2,black,90428387849102,90428387962186,0,2675150,1,1,SWAPCHAIN_LOCAL,1000208001,1791481886103119872,,1791481886124568000,,90428404299680,,90428425746464,
879,880,0,white,90428396143369,90428396252335,0,2675151,1,1,SWAPCHAIN_LOCAL,1000208001,1791481886111581184,,1791481886132901344,,90428412760992,,90428434079808,
880,881,1,black,90428404405146,90428404512208,0,2675152,1,1,SWAPCHAIN_LOCAL,1000208001,1791481886119862272,,1791481886141234656,,90428421042080,,90428442413120,
881,882,2,white,90428412788301,90428412840159,0,2675153,1,1,SWAPCHAIN_LOCAL,1000208001,1791481886128137216,,1791481886149568000,,90428429317024,,90428450746464,
882,883,0,black,90428421063122,90428421115882,0,2675154,1,1,SWAPCHAIN_LOCAL,1000208001,1791481886136582144,,1791481886157901344,,90428437761952,,90428459079808,
883,884,1,white,90428429336941,90428429386795,0,2675155,1,1,SWAPCHAIN_LOCAL,1000208001,1791481886144866304,,1791481886166234656,,90428446046112,,90428467413120,
884,885,2,black,90428437873857,90428437987973,0,2675156,1,1,SWAPCHAIN_LOCAL,1000208001,1791481886153125888,,1791481886174568000,,90428454305696,,90428475746464,
885,886,0,white,90428446074197,90428446130052,0,2675157,1,1,SWAPCHAIN_LOCAL,1000208001,1791481886161576960,,1791481886182901344,,90428462756768,,90428484079808,
886,887,1,black,90428454326545,90428454375939,0,2675158,1,1,SWAPCHAIN_LOCAL,1000208001,1791481886169864192,,1791481886191234656,,90428471044000,,90428492413120,
887,888,2,white,90428462859073,90428462969231,0,2675159,1,1,SWAPCHAIN_LOCAL,1000208001,1791481886178124800,,1791481886199568000,,90428479304608,,90428500746464,
888,889,0,black,90428471072889,90428471129185,0,2675160,1,1,SWAPCHAIN_LOCAL,1000208001,1791481886186567680,,1791481886207901344,,90428487747488,,90428509079808,
889,890,1,white,90428479325658,90428479381393,0,2675161,1,1,SWAPCHAIN_LOCAL,1000208001,1791481886194871296,,1791481886216234656,,90428496051104,,90428517413120,
890,891,2,black,90428487841424,90428487950189,0,2675162,1,1,SWAPCHAIN_LOCAL,1000208001,1791481886203119616,,1791481886224568000,,90428504299424,,90428525746464,
891,892,0,white,90428496147945,90428496257692,0,2675163,1,1,SWAPCHAIN_LOCAL,1000208001,1791481886211581952,,1791481886232901344,,90428512761760,,90428534079808,
892,893,1,black,90428504402156,90428504510642,0,2675164,1,1,SWAPCHAIN_LOCAL,1000208001,1791481886219871232,,1791481886241234656,,90428521051040,,90428542413120,
893,894,2,white,90428512851287,90428512950895,0,2675165,1,1,SWAPCHAIN_LOCAL,1000208001,1791481886228133888,,1791481886249568000,,90428529313696,,90428550746464,
894,895,0,black,90428521079980,90428521132740,0,2675166,1,1,SWAPCHAIN_LOCAL,1000208001,1791481886236575744,,1791481886257901344,,90428537755552,,90428559079808,
895,896,1,white,90428529334883,90428529384297,0,2675167,1,1,SWAPCHAIN_LOCAL,1000208001,1791481886244860928,,1791481886266234656,,90428546040736,,90428567413120,
896,897,2,black,90428537851652,90428537960788,0,2675168,1,1,SWAPCHAIN_LOCAL,1000208001,1791481886253124608,,1791481886274568000,,90428554304416,,90428575746464,
897,898,0,white,90428546097928,90428546201795,0,2675169,1,1,SWAPCHAIN_LOCAL,1000208001,1791481886261579776,,1791481886282901344,,90428562759584,,90428584079808,
898,899,1,black,90428554325149,90428554378119,0,2675170,1,1,SWAPCHAIN_LOCAL,1000208001,1791481886269864960,,1791481886291234656,,90428571044768,,90428592413120,
899,900,2,white,90428562780361,90428562833532,0,2675171,1,1,SWAPCHAIN_LOCAL,1000208001,1791481886278137856,,1791481886299568000,,90428579317664,,90428600746464,
900,901,0,black,90428571070120,90428571118993,0,2675172,1,1,SWAPCHAIN_LOCAL,1000208001,1791481886286586880,,1791481886307901344,,90428587766688,,90428609079808,
901,902,1,white,90428579408621,90428579517447,0,2675173,1,1,SWAPCHAIN_LOCAL,1000208001,1791481886294859776,,1791481886316234688,,90428596039584,,90428617413152,
902,903,2,black,90428587796055,90428587851740,0,2675174,1,1,SWAPCHAIN_LOCAL,1000208001,1791481886303123456,,1791481886324568000,,90428604303264,,90428625746464,
903,904,0,white,90428596139525,90428596247569,0,2675175,1,1,SWAPCHAIN_LOCAL,1000208001,1791481886311580672,,1791481886332901344,,90428612760480,,90428634079808,
904,905,1,black,90428604331730,90428604384299,0,2675176,1,1,SWAPCHAIN_LOCAL,1000208001,1791481886319865856,,1791481886341234656,,90428621045664,,90428642413120,
905,906,2,white,90428612781311,90428612832398,0,2675177,1,1,SWAPCHAIN_LOCAL,1000208001,1791481886328124416,,1791481886349568000,,90428629304224,,90428650746464,
906,907,0,black,90428621066702,90428621116135,0,2675178,1,1,SWAPCHAIN_LOCAL,1000208001,1791481886336567296,,1791481886357901344,,90428637747104,,90428659079808,
907,908,1,white,90428629407247,90428629515071,0,2675179,1,1,SWAPCHAIN_LOCAL,1000208001,1791481886344856576,,1791481886366234656,,90428646036384,,90428667413120,
908,909,2,black,90428637848722,90428637962958,0,2675180,1,1,SWAPCHAIN_LOCAL,1000208001,1791481886353130496,,1791481886374568000,,90428654310304,,90428675746464,
909,910,0,white,90428646122050,90428646236777,0,2675181,1,1,SWAPCHAIN_LOCAL,1000208001,1791481886361570304,,1791481886382901344,,90428662750112,,90428684079808,
910,911,1,black,90428654343681,90428654398955,0,2675182,1,1,SWAPCHAIN_LOCAL,1000208001,1791481886369868800,,1791481886391234656,,90428671048608,,90428692413120,
911,912,2,white,90428662770218,90428662823358,0,2675183,1,1,SWAPCHAIN_LOCAL,1000208001,1791481886378117120,,1791481886399568000,,90428679296928,,90428700746464,
912,913,0,black,90428671069716,90428671118999,0,2675184,1,1,SWAPCHAIN_LOCAL,1000208001,1791481886386583552,,1791481886407901344,,90428687763360,,90428709079808,
913,914,1,white,90428679400352,90428679514948,0,2675185,1,1,SWAPCHAIN_LOCAL,1000208001,1791481886394860544,,1791481886416234656,,90428696040352,,90428717413120,
914,915,2,black,90428687865001,90428687973907,0,2675186,1,1,SWAPCHAIN_LOCAL,1000208001,1791481886403137536,,1791481886424568000,,90428704317344,,90428725746464,
915,916,0,white,90428696068788,90428696121888,0,2675187,1,1,SWAPCHAIN_LOCAL,1000208001,1791481886411582464,,1791481886432901344,,90428712762272,,90428734079808,
916,917,1,black,90428704412749,90428704533978,0,2675188,1,1,SWAPCHAIN_LOCAL,1000208001,1791481886419867648,,1791481886441234656,,90428721047456,,90428742413120,
917,918,2,white,90428712791767,90428712845759,0,2675189,1,1,SWAPCHAIN_LOCAL,1000208001,1791481886428125184,,1791481886449568000,,90428729304992,,90428750746464,
918,919,0,black,90428721068592,90428721118837,0,2675190,1,1,SWAPCHAIN_LOCAL,1000208001,1791481886436583424,,1791481886457901344,,90428737763232,,90428759079808,
919,920,1,white,90428729405881,90428729520778,0,2675191,1,1,SWAPCHAIN_LOCAL,1000208001,1791481886444869632,,1791481886466234656,,90428746049440,,90428767413120,
920,921,2,black,90428737871412,90428737979717,0,2675192,1,1,SWAPCHAIN_LOCAL,1000208001,1791481886453123072,,1791481886474568000,,90428754302880,,90428775746464,
921,922,0,white,90428746077884,90428746131545,0,2675193,1,1,SWAPCHAIN_LOCAL,1000208001,1791481886461578240,,1791481886482901344,,90428762758048,,90428784079808,
922,923,1,black,90428754403841,90428754511324,0,2675194,1,1,SWAPCHAIN_LOCAL,1000208001,1791481886469854208,,1791481886491234656,,90428771034016,,90428792413120,
923,924,2,white,90428762786195,90428762839055,0,2675195,1,1,SWAPCHAIN_LOCAL,1000208001,1791481886478131200,,1791481886499568000,,90428779311008,,90428800746464,
924,925,0,black,90428771120939,90428771228603,0,2675196,1,1,SWAPCHAIN_LOCAL,1000208001,1791481886486584320,,1791481886507901344,,90428787764128,,90428809079808,
925,926,1,white,90428779412171,90428779530384,0,2675197,1,1,SWAPCHAIN_LOCAL,1000208001,1791481886494857216,,1791481886516234656,,90428796037024,,90428817413120,
926,927,2,black,90428787856622,90428787968884,0,2675198,1,1,SWAPCHAIN_LOCAL,1000208001,1791481886503122944,,1791481886524568000,,90428804302752,,90428825746464,
927,928,0,white,90428796066259,90428796121674,0,2675199,1,1,SWAPCHAIN_LOCAL,1000208001,1791481886511586304,,1791481886532901344,,90428812766112,,90428834079808,
928,929,1,black,90428804321494,90428804372179,0,2675200,1,1,SWAPCHAIN_LOCAL,1000208001,1791481886519861248,,1791481886541234656,,90428821041056,,90428842413120,
929,930,2,white,90428812786955,90428812838001,0,2675201,1,1,SWAPCHAIN_LOCAL,1000208001,1791481886528121856,,1791481886549568000,,90428829301664,,90428850746464,
930,931,0,black,90428821147978,90428821259409,0,2675202,1,1,SWAPCHAIN_LOCAL,1000208001,1791481886536567808,,1791481886557901344,,90428837747616,,90428859079808,
931,932,1,white,90428829398594,90428829507690,0,2675203,1,1,SWAPCHAIN_LOCAL,1000208001,1791481886544867328,,1791481886566234656,,90428846047136,,90428867413120,
932,933,2,black,90428837850789,90428837961198,0,2675204,1,1,SWAPCHAIN_LOCAL,1000208001,1791481886553126912,,1791481886574568000,,90428854306720,,90428875746464,
933,934,0,white,90428846076968,90428846131441,0,2675205,1,1,SWAPCHAIN_LOCAL,1000208001,1791481886561579008,,1791481886582901344,,90428862758816,,90428884079808,
934,935,1,black,90428854329016,90428854379411,0,2675206,1,1,SWAPCHAIN_LOCAL,1000208001,1791481886569870336,,1791481886591234656,,90428871050144,,90428892413120,
935,936,2,white,90428862858748,90428862967775,0,2675207,1,1,SWAPCHAIN_LOCAL,1000208001,1791481886578130944,,1791481886599568000,,90428879310752,,90428900746464,
936,937,0,black,90428871079026,90428871142416,0,2675208,1,1,SWAPCHAIN_LOCAL,1000208001,1791481886586563584,,1791481886607901344,,90428887743392,,90428909079808,
937,938,1,white,90428879413410,90428879527505,0,2675209,1,1,SWAPCHAIN_LOCAL,1000208001,1791481886594863104,,1791481886616234688,,90428896042912,,90428917413152,
938,939,2,black,90428887773061,90428887826091,0,2675210,1,1,SWAPCHAIN_LOCAL,1000208001,1791481886603117568,,1791481886624568000,,90428904297376,,90428925746464,
939,940,0,white,90428896063712,90428896116201,0,2675211,1,1,SWAPCHAIN_LOCAL,1000208001,1791481886611588096,,1791481886632901344,,90428912767904,,90428934079808,
940,941,1,black,90428904322742,90428904372256,0,2675212,1,1,SWAPCHAIN_LOCAL,1000208001,1791481886619857920,,1791481886641234656,,90428921037728,,90428942413120,
941,942,2,white,90428912788514,90428912838348,0,2675213,1,1,SWAPCHAIN_LOCAL,1000208001,1791481886628127744,,1791481886649568000,,90428929307552,,90428950746464,
942,943,0,black,90428921135521,90428921250158,0,2675214,1,1,SWAPCHAIN_LOCAL,1000208001,1791481886636585984,,1791481886657901344,,90428937765792,,90428959079808,
943,944,1,white,90428929339538,90428929397678,0,2675215,1,1,SWAPCHAIN_LOCAL,1000208001,1791481886644869120,,1791481886666234656,,90428946048928,,90428967413120,
944,945,2,black,90428937786745,90428937840907,0,2675216,1,1,SWAPCHAIN_LOCAL,1000208001,1791481886653133824,,1791481886674568000,,90428954313632,,90428975746464,
945,946,0,white,90428946070963,90428946121208,0,2675217,1,1,SWAPCHAIN_LOCAL,1000208001,1791481886661568512,,1791481886682901344,,90428962748320,,90428984079808,
946,947,1,black,90428954410967,90428954521737,0,2675218,1,1,SWAPCHAIN_LOCAL,1000208001,1791481886669863936,,1791481886691234656,,90428971043744,,90428992413120,
947,948,2,white,90428962842364,90428962952042,0,2675219,1,1,SWAPCHAIN_LOCAL,1000208001,1791481886678132736,,1791481886699568000,,90428979312544,,90429000746464,
948,949,0,black,90428971147392,90428971255977,0,2675220,1,1,SWAPCHAIN_LOCAL,1000208001,1791481886686567424,,1791481886707901344,,90428987747232,,90429009079808,
949,950,1,white,90428979411833,90428979521952,0,2675221,1,1,SWAPCHAIN_LOCAL,1000208001,1791481886694876160,,1791481886716234688,,90428996055968,,90429017413152,
950,951,2,black,90428987779790,90428987833682,0,2675222,1,1,SWAPCHAIN_LOCAL,1000208001,1791481886703119360,,1791481886724568000,,90429004299168,,90429025746464,
951,952,0,white,90428996077384,90428996127679,0,2675223,1,1,SWAPCHAIN_LOCAL,1000208001,1791481886711592960,,1791481886732901344,,90429012772768,,90429034079808,
952,953,1,black,90429004320224,90429004370088,0,2675224,1,1,SWAPCHAIN_LOCAL,1000208001,1791481886719855616,,1791481886741234656,,90429021035424,,90429042413120,
953,954,2,white,90429012793781,90429012847101,0,2675225,1,1,SWAPCHAIN_LOCAL,1000208001,1791481886728141824,,1791481886749568000,,90429029321632,,90429050746464,
954,955,0,black,90429021056859,90429021105481,0,2675226,1,1,SWAPCHAIN_LOCAL,1000208001,1791481886736581632,,1791481886757901344,,90429037761440,,90429059079808,
955,956,1,white,90429029423173,90429029530446,0,2675227,1,1,SWAPCHAIN_LOCAL,1000208001,1791481886744865792,,1791481886766234656,,90429046045600,,90429067413120,
956,957,2,black,90429037861212,90429037969758,0,2675228,1,1,SWAPCHAIN_LOCAL,1000208001,1791481886753135616,,1791481886774568000,,90429054315424,,90429075746464,
957,958,0,white,90429046074807,90429046127918,0,2675229,1,1,SWAPCHAIN_LOCAL,1000208001,1791481886761575424,,1791481886782901344,,90429062755232,,90429084079808,
958,959,1,black,90429054337054,90429054386538,0,2675230,1,1,SWAPCHAIN_LOCAL,1000208001,1791481886769864704,,1791481886791234656,,90429071044512,,90429092413120,
959,960,2,white,90429062857179,90429062973719,0,2675231,1,1,SWAPCHAIN_LOCAL,1000208001,1791481886778137600,,1791481886799568000,,90429079317408,,90429100746464,
960,961,0,black,90429071150965,90429071258789,0,2675232,1,1,SWAPCHAIN_LOCAL,1000208001,1791481886786581504,,1791481886807901344,,90429087761312,,90429109079808,
961,962,1,white,90429079345925,90429079401921,0,2675233,1,1,SWAPCHAIN_LOCAL,1000208001,1791481886794872832,,1791481886816234656,,90429096052640,,90429117413120,
962,963,2,black,90429087863014,90429087973233,0,2675234,1,1,SWAPCHAIN_LOCAL,1000208001,1791481886803132416,,1791481886824568000,,90429104312224,,90429125746464,
963,964,0,white,90429096081778,90429096138065,0,2675235,1,1,SWAPCHAIN_LOCAL,1000208001,1791481886811581440,,1791481886832901344,,90429112761248,,90429134079808,
964,965,1,black,90429104333666,90429104383640,0,2675236,1,1,SWAPCHAIN_LOCAL,1000208001,1791481886819849216,,1791481886841234656,,90429121029024,,90429142413120,
965,966,2,white,90429112863138,90429112971944,0,2675237,1,1,SWAPCHAIN_LOCAL,1000208001,1791481886828121088,,1791481886849568000,,90429129300896,,90429150746464,
966,967,0,black,90429121131537,90429121239681,0,2675238,1,1,SWAPCHAIN_LOCAL,1000208001,1791481886836573184,,1791481886857901344,,90429137752992,,90429159079808,
967,968,1,white,90429129328661,90429129382462,0,2675239,1,1,SWAPCHAIN_LOCAL,1000208001,1791481886844859392,,1791481886866234656,,90429146039200,,90429167413120,
968,969,2,black,90429138211701,90429138322701,0,2675240,1,1,SWAPCHAIN_LOCAL,1000208001,1791481886853134336,,1791481886874568000,,90429154314144,,90429175746464,
969,970,0,white,90429146068281,90429146122444,0,2675241,1,1,SWAPCHAIN_LOCAL,1000208001,1791481886861578240,,1791481886882901344,,90429162758048,,90429184079808,
970,971,1,black,90429154339806,90429154393027,0,2675242,1,1,SWAPCHAIN_LOCAL,1000208001,1791481886869867520,,1791481886891234656,,90429171047328,,90429192413120,
971,972,2,white,90429162853919,90429162962835,0,2675243,1,1,SWAPCHAIN_LOCAL,1000208001,1791481886878116864,,1791481886899568000,,90429179296672,,90429200746464,
972,973,0,black,90429171150130,90429171258265,0,2675244,1,1,SWAPCHAIN_LOCAL,1000208001,1791481886886568960,,1791481886907901344,,90429187748768,,90429209079808,
973,974,1,white,90429179325593,90429179377982,0,2675245,1,1,SWAPCHAIN_LOCAL,1000208001,1791481886894862336,,1791481886916234688,,90429196042144,,90429217413152,
974,975,2,black,90429187851930,90429187961947,0,2675246,1,1,SWAPCHAIN_LOCAL,1000208001,1791481886903112704,,1791481886924568000,,90429204292512,,90429225746464,
975,976,0,white,90429196071586,90429196124496,0,2675247,1,1,SWAPCHAIN_LOCAL,1000208001,1791481886911592448,,1791481886932901344,,90429212772256,,90429234079808,
976,977,1,black,90429204313364,90429204365032,0,2675248,1,1,SWAPCHAIN_LOCAL,1000208001,1791481886919874560,,1791481886941234688,,90429221054368,,90429242413152,
977,978,2,white,90429212874927,90429212988642,0,2675249,1,1,SWAPCHAIN_LOCAL,1000208001,1791481886928124928,,1791481886949568000,,90429229304736,,90429250746464,
978,979,0,black,90429221083302,90429221139489,0,2675250,1,1,SWAPCHAIN_LOCAL,1000208001,1791481886936584192,,1791481886957901344,,90429237764000,,90429259079808,
979,980,1,white,90429229404661,90429229520660,0,2675251,1,1,SWAPCHAIN_LOCAL,1000208001,1791481886944852992,,1791481886966234656,,90429246032800,,90429267413120,
980,981,2,black,90429237796323,90429237849994,0,2675252,1,1,SWAPCHAIN_LOCAL,1000208001,1791481886953119744,,1791481886974568000,,90429254299552,,90429275746464,
981,982,0,white,90429246053841,90429246104667,0,2675253,1,1,SWAPCHAIN_LOCAL,1000208001,1791481886961569792,,1791481886982901344,,90429262749600,,90429284079808,
982,983,1,black,90429254403493,90429254514883,0,2675254,1,1,SWAPCHAIN_LOCAL,1000208001,1791481886969868288,,1791481886991234656,,90429271048096,,90429292413120,
983,984,2,white,90429262850319,90429262960166,0,2675255,1,1,SWAPCHAIN_LOCAL,1000208001,1791481886978123776,,1791481886999568000,,90429279303584,,90429300746464,
984,985,0,black,90429271077219,90429271131421,0,2675256,1,1,SWAPCHAIN_LOCAL,1000208001,1791481886986584064,,1791481887007901344,,90429287763872,,90429309079808,
985,986,1,white,90429279406904,90429279514337,0,2675257,1,1,SWAPCHAIN_LOCAL,1000208001,1791481886994868224,,1791481887016234688,,90429296048032,,90429317413152,
986,987,2,black,90429287793506,90429287845444,0,2675258,1,1,SWAPCHAIN_LOCAL,1000208001,1791481887003125760,,1791481887024568000,,90429304305568,,90429325746464,
987,988,0,white,90429296069879,90429296123230,0,2675259,1,1,SWAPCHAIN_LOCAL,1000208001,1791481887011587072,,1791481887032901344,,90429312766880,,90429334079808,
988,989,1,black,90429304326936,90429304376941,0,2675260,1,1,SWAPCHAIN_LOCAL,1000208001,1791481887019874304,,1791481887041234656,,90429321054112,,90429342413120,
989,990,2,white,90429312788120,90429312838244,0,2675261,1,1,SWAPCHAIN_LOCAL,1000208001,1791481887028123648,,1791481887049568000,,90429329303456,,90429350746464,
990,991,0,black,90429321080503,90429321128975,0,2675262,1,1,SWAPCHAIN_LOCAL,1000208001,1791481887036571648,,1791481887057901344,,90429337751456,,90429359079808,
991,992,1,white,90429329323494,90429329373839,0,2675263,1,1,SWAPCHAIN_LOCAL,1000208001,1791481887044872192,,1791481887066234656,,90429346052000,,90429367413120,
992,993,2,black,90429337772865,90429337823130,0,2675264,1,1,SWAPCHAIN_LOCAL,1000208001,1791481887053135872,,1791481887074568000,,90429354315680,,90429375746464,
993,994,0,white,90429346070599,90429346122136,0,2675265,1,1,SWAPCHAIN_LOCAL,1000208001,1791481887061568512,,1791481887082901344,,90429362748320,,90429384079808,
994,995,1,black,90429354416704,90429354524488,0,2675266,1,1,SWAPCHAIN_LOCAL,1000208001,1791481887069877248,,1791481887091234656,,90429371057056,,90429392413120,
995,996,2,white,90429362849103,90429362970182,0,2675267,1,1,SWAPCHAIN_LOCAL,1000208001,1791481887078124544,,1791481887099568000,,90429379304352,,90429400746464,
996,997,0,black,90429371146887,90429371256504,0,2675268,1,1,SWAPCHAIN_LOCAL,1000208001,1791481887086565376,,1791481887107901344,,90429387745184,,90429409079808,
997,998,1,white,90429379405066,90429379514914,0,2675269,1,1,SWAPCHAIN_LOCAL,1000208001,1791481887094862848,,1791481887116234656,,90429396042656,,90429417413120,
998,999,2,black,90429387774236,90429387827396,0,2675270,1,1,SWAPCHAIN_LOCAL,1000208001,1791481887103126528,,1791481887124568000,,90429404306336,,90429425746464,
999,1000,0,white,90429396063794,90429396117145,0,2675271,1,1,SWAPCHAIN_LOCAL,1000208001,1791481887111595008,,1791481887132901344,,90429412774816,,90429434079808,
1000,1001,1,black,90429404418827,90429404539435,0,2675272,1,1,SWAPCHAIN_LOCAL,1000208001,1791481887119862784,,1791481887141234656,,90429421042592,,90429442413120,
1001,1002,2,white,90429412869961,90429412980840,0,2675273,1,1,SWAPCHAIN_LOCAL,1000208001,1791481887128119296,,1791481887149568000,,90429429299104,,90429450746464,
1002,1003,0,black,90429421145022,90429421254108,0,2675274,1,1,SWAPCHAIN_LOCAL,1000208001,1791481887136575488,,1791481887157901344,,90429437755296,,90429459079808,
1003,1004,1,white,90429429327989,90429429383654,0,2675275,1,1,SWAPCHAIN_LOCAL,1000208001,1791481887144868864,,1791481887166234656,,90429446048672,,90429467413120,
1004,1005,2,black,90429437776939,90429437827805,0,2675276,1,1,SWAPCHAIN_LOCAL,1000208001,1791481887153130496,,1791481887174568000,,90429454310304,,90429475746464,
1005,1006,0,white,90429446068772,90429446117154,0,2675277,1,1,SWAPCHAIN_LOCAL,1000208001,1791481887161570304,,1791481887182901344,,90429462750112,,90429484079808,
1006,1007,1,black,90429454331931,90429454380853,0,2675278,1,1,SWAPCHAIN_LOCAL,1000208001,1791481887169869824,,1791481887191234656,,90429471049632,,90429492413120,
1007,1008,2,white,90429462850592,90429462958116,0,2675279,1,1,SWAPCHAIN_LOCAL,1000208001,1791481887178122240,,1791481887199568000,,90429479302048,,90429500746464,
1008,1009,0,black,90429471151903,90429471260919,0,2675280,1,1,SWAPCHAIN_LOCAL,1000208001,1791481887186567168,,1791481887207901344,,90429487746976,,90429509079808,
1009,1010,1,white,90429479405424,90429479515552,0,2675281,1,1,SWAPCHAIN_LOCAL,1000208001,1791481887194881024,,1791481887216234688,,90429496060832,,90429517413152,
1010,1011,2,black,90429487853512,90429487963380,0,2675282,1,1,SWAPCHAIN_LOCAL,1000208001,1791481887203133440,,1791481887224568000,,90429504313248,,90429525746464,
1011,1012,0,white,90429496077387,90429496129746,0,2675283,1,1,SWAPCHAIN_LOCAL,1000208001,1791481887211588608,,1791481887232901344,,90429512768416,,90429534079808,
1012,1013,1,black,90429504416299,90429504534562,0,2675284,1,1,SWAPCHAIN_LOCAL,1000208001,1791481887219886080,,1791481887241234656,,90429521065888,,90429542413120,
1013,1014,2,white,90429512873905,90429512991808,0,2675285,1,1,SWAPCHAIN_LOCAL,1000208001,1791481887228131328,,1791481887249568000,,90429529311136,,90429550746464,
1014,1015,0,black,90429521173633,90429521282969,0,2675286,1,1,SWAPCHAIN_LOCAL,1000208001,1791481887236584448,,1791481887257901344,,90429537764256,,90429559079808,
1015,1016,1,white,90429529340339,90429529393620,0,2675287,1,1,SWAPCHAIN_LOCAL,1000208001,1791481887244867584,,1791481887266234656,,90429546047392,,90429567413120,
1016,1017,2,black,90429537861796,90429537971864,0,2675288,1,1,SWAPCHAIN_LOCAL,1000208001,1791481887253122048,,1791481887274568000,,90429554301856,,90429575746464,
1017,1018,0,white,90429546076503,90429546130525,0,2675289,1,1,SWAPCHAIN_LOCAL,1000208001,1791481887261589504,,1791481887282901344,,90429562769312,,90429584079808,
1018,1019,1,black,90429554323692,90429554375981,0,2675290,1,1,SWAPCHAIN_LOCAL,1000208001,1791481887269863424,,1791481887291234656,,90429571043232,,90429592413120,
1019,1020,2,white,90429562868332,90429562981626,0,2675291,1,1,SWAPCHAIN_LOCAL,1000208001,1791481887278139392,,1791481887299568000,,90429579319200,,90429600746464,
1020,1021,0,black,90429571075555,90429571131351,0,2675292,1,1,SWAPCHAIN_LOCAL,1000208001,1791481887286595584,,1791481887307901344,,90429587775392,,90429609079808,
1021,1022,1,white,90429579414487,90429579523804,0,2675293,1,1,SWAPCHAIN_LOCAL,1000208001,1791481887294857216,,1791481887316234688,,90429596037024,,90429617413152,
1022,1023,2,black,90429587804015,90429587856845,0,2675294,1,1,SWAPCHAIN_LOCAL,1000208001,1791481887303130112,,1791481887324568000,,90429604309920,,90429625746464,
1023,1024,0,white,90429596058868,90429596109354,0,2675295,1,1,SWAPCHAIN_LOCAL,1000208001,1791481887311578112,,1791481887332901344,,90429612757920,,90429634079808,
1024,1025,1,black,90429604412839,90429604522696,0,2675296,1,1,SWAPCHAIN_LOCAL,1000208001,1791481887319865344,,1791481887341234656,,90429621045152,,90429642413120,
1025,1026,2,white,90429612863031,90429612978399,0,2675297,1,1,SWAPCHAIN_LOCAL,1000208001,1791481887328132096,,1791481887349568000,,90429629311904,,90429650746464,
1026,1027,0,black,90429621147550,90429621263068,0,2675298,1,1,SWAPCHAIN_LOCAL,1000208001,1791481887336568832,,1791481887357901344,,90429637748640,,90429659079808,
1027,1028,1,white,90429629415207,90429629526688,0,2675299,1,1,SWAPCHAIN_LOCAL,1000208001,1791481887344855040,,1791481887366234656,,90429646034848,,90429667413120,
1028,1029,2,black,90429637778235,90429637831305,0,2675300,1,1,SWAPCHAIN_LOCAL,1000208001,1791481887353132032,,1791481887374568000,,90429654311840,,90429675746464,
1029,1030,0,white,90429646056943,90429646111596,0,2675301,1,1,SWAPCHAIN_LOCAL,1000208001,1791481887361575936,,1791481887382901344,,90429662755744,,90429684079808,
1030,1031,1,black,90429654417495,90429654527543,0,2675302,1,1,SWAPCHAIN_LOCAL,1000208001,1791481887369878528,,1791481887391234656,,90429671058336,,90429692413120,
1031,1032,2,white,90429662852619,90429662962497,0,2675303,1,1,SWAPCHAIN_LOCAL,1000208001,1791481887378127872,,1791481887399568000,,90429679307680,,90429700746464,
1032,1033,0,black,90429671157868,90429671266794,0,2675304,1,1,SWAPCHAIN_LOCAL,1000208001,1791481887386579968,,1791481887407901344,,90429687759776,,90429709079808,
1033,1034,1,white,90429679409504,90429679517869,0,2675305,1,1,SWAPCHAIN_LOCAL,1000208001,1791481887394863104,,1791481887416234656,,90429696042912,,90429717413120,
1034,1035,2,black,90429687789153,90429687841743,0,2675306,1,1,SWAPCHAIN_LOCAL,1000208001,1791481887403141120,,1791481887424568000,,90429704320928,,90429725746464,
1035,1036,0,white,90429696065497,90429696117135,0,2675307,1,1,SWAPCHAIN_LOCAL,1000208001,1791481887411577856,,1791481887432901344,,90429712757664,,90429734079808,
1036,1037,1,black,90429704418345,90429704527872,0,2675308,1,1,SWAPCHAIN_LOCAL,1000208001,1791481887419857920,,1791481887441234656,,90429721037728,,90429742413120,
1037,1038,2,white,90429712859761,90429712979097,0,2675309,1,1,SWAPCHAIN_LOCAL,1000208001,1791481887428125696,,1791481887449568000,,90429729305504,,90429750746464,
1038,1039,0,black,90429721140193,90429721248658,0,2675310,1,1,SWAPCHAIN_LOCAL,1000208001,1791481887436570624,,1791481887457901344,,90429737750432,,90429759079808,
1039,1040,1,white,90429729410404,90429729525292,0,2675311,1,1,SWAPCHAIN_LOCAL,1000208001,1791481887444859904,,1791481887466234656,,90429746039712,,90429767413120,
1040,1041,2,black,90429737784252,90429737837964,0,2675312,1,1,SWAPCHAIN_LOCAL,1000208001,1791481887453124608,,1791481887474568000,,90429754304416,,90429775746464,
1041,1042,0,white,90429746126070,90429746234565,0,2675313,1,1,SWAPCHAIN_LOCAL,1000208001,1791481887461573632,,1791481887482901344,,90429762753440,,90429784079808,
1042,1043,1,black,90429754403676,90429754519865,0,2675314,1,1,SWAPCHAIN_LOCAL,1000208001,1791481887469865984,,1791481887491234656,,90429771045792,,90429792413120,
1043,1044,2,white,90429762855602,90429762972132,0,2675315,1,1,SWAPCHAIN_LOCAL,1000208001,1791481887478120448,,1791481887499568000,,90429779300256,,90429800746464,
1044,1045,0,black,90429771124852,90429771233417,0,2675316,1,1,SWAPCHAIN_LOCAL,1000208001,1791481887486579712,,1791481887507901344,,90429787759520,,90429809079808,
1045,1046,1,white,90429779328468,90429779380336,0,2675317,1,1,SWAPCHAIN_LOCAL,1000208001,1791481887494867968,,1791481887516234688,,90429796047776,,90429817413152,
1046,1047,2,black,90429787854514,90429787977596,0,2675318,1,1,SWAPCHAIN_LOCAL,1000208001,1791481887503127552,,1791481887524568000,,90429804307360,,90429825746464,
1047,1048,0,white,90429796077807,90429796131789,0,2675319,1,1,SWAPCHAIN_LOCAL,1000208001,1791481887511575552,,1791481887532901344,,90429812755360,,90429834079808,
1048,1049,1,black,90429804409525,90429804518071,0,2675320,1,1,SWAPCHAIN_LOCAL,1000208001,1791481887519856640,,1791481887541234656,,90429821036448,,90429842413120,
1049,1050,2,white,90429812856141,90429812971329,0,2675321,1,1,SWAPCHAIN_LOCAL,1000208001,1791481887528115200,,1791481887549568000,,90429829295008,,90429850746464,
1050,1051,0,black,90429821144297,90429821252672,0,2675322,1,1,SWAPCHAIN_LOCAL,1000208001,1791481887536593920,,1791481887557901344,,90429837773728,,90429859079808,
1051,1052,1,white,90429829323427,90429829375836,0,2675323,1,1,SWAPCHAIN_LOCAL,1000208001,1791481887544867840,,1791481887566234656,,90429846047648,,90429867413120,
1052,1053,2,black,90429837876433,90429837987624,0,2675324,1,1,SWAPCHAIN_LOCAL,1000208001,1791481887553127424,,1791481887574568000,,90429854307232,,90429875746464,
1053,1054,0,white,90429846076763,90429846130314,0,2675325,1,1,SWAPCHAIN_LOCAL,1000208001,1791481887561575424,,1791481887582901344,,90429862755232,,90429884079808,
1054,1055,1,black,90429854410145,90429854524411,0,2675326,1,1,SWAPCHAIN_LOCAL,1000208001,1791481887569872896,,1791481887591234656,,90429871052704,,90429892413120,
1055,1056,2,white,90429862857922,90429862968081,0,2675327,1,1,SWAPCHAIN_LOCAL,1000208001,1791481887578124288,,1791481887599568000,,90429879304096,,90429900746464,
1056,1057,0,black,90429871151208,90429871260244,0,2675328,1,1,SWAPCHAIN_LOCAL,1000208001,1791481887586584576,,1791481887607901344,,90429887764384,,90429909079808,
1057,1058,1,white,90429879334095,90429879387085,0,2675329,1,1,SWAPCHAIN_LOCAL,1000208001,1791481887594870784,,1791481887616234688,,90429896050592,,90429917413152,
1058,1059,2,black,90429887863778,90429887973235,0,2675330,1,1,SWAPCHAIN_LOCAL,1000208001,1791481887603135488,,1791481887624568000,,90429904315296,,90429925746464,
1059,1060,0,white,90429896079918,90429896134370,0,2675331,1,1,SWAPCHAIN_LOCAL,1000208001,1791481887611579392,,1791481887632901344,,90429912759200,,90429934079808,
1060,1061,1,black,90429904417076,90429904528477,0,2675332,1,1,SWAPCHAIN_LOCAL,1000208001,1791481887619867648,,1791481887641234656,,90429921047456,,90429942413120,
1061,1062,2,white,90429912857290,90429912967498,0,2675333,1,1,SWAPCHAIN_LOCAL,1000208001,1791481887628127232,,1791481887649568000,,90429929307040,,90429950746464,
1062,1063,0,black,90429921149343,90429921264250,0,2675334,1,1,SWAPCHAIN_LOCAL,1000208001,1791481887636574208,,1791481887657901344,,90429937754016,,90429959079808,
1063,1064,1,white,90429929336398,90429929393245,0,2675335,1,1,SWAPCHAIN_LOCAL,1000208001,1791481887644853248,,1791481887666234656,,90429946033056,,90429967413120,
1064,1065,2,black,90429937855951,90429937965198,0,2675336,1,1,SWAPCHAIN_LOCAL,1000208001,1791481887653126144,,1791481887674568000,,90429954305952,,90429975746464,
1065,1066,0,white,90429946061962,90429946114210,0,2675337,1,1,SWAPCHAIN_LOCAL,1000208001,1791481887661566976,,1791481887682901344,,90429962746784,,90429984079808,
1066,1067,1,black,90429954398550,90429954506974,0,2675338,1,1,SWAPCHAIN_LOCAL,1000208001,1791481887669863424,,1791481887691234656,,90429971043232,,90429992413120,
1067,1068,2,white,90429962843031,90429962955884,0,2675339,1,1,SWAPCHAIN_LOCAL,1000208001,1791481887678118912,,1791481887699568000,,90429979298720,,90430000746464,
1068,1069,0,black,90429971068879,90429971123522,0,2675340,1,1,SWAPCHAIN_LOCAL,1000208001,1791481887686574080,,1791481887707901344,,90429987753888,,90430009079808,
1069,1070,1,white,90429979320065,90429979373135,0,2675341,1,1,SWAPCHAIN_LOCAL,1000208001,1791481887694876672,,1791481887716234656,,90429996056480,,90430017413120,
1070,1071,2,black,90429987870477,90429987983410,0,2675342,1,1,SWAPCHAIN_LOCAL,1000208001,1791481887703129088,,1791481887724568000,,90430004308896,,90430025746464,
1071,1072,0,white,90429996085505,90429996141470,0,2675343,1,1,SWAPCHAIN_LOCAL,1000208001,1791481887711569920,,1791481887732901344,,90430012749728,,90430034079808,
1072,1073,1,black,90430004410019,90430004517873,0,2675344,1,1,SWAPCHAIN_LOCAL,1000208001,1791481887719861248,,1791481887741234656,,90430021041056,,90430042413120,
1073,1074,2,white,90430012850964,90430012959509,0,2675345,1,1,SWAPCHAIN_LOCAL,1000208001,1791481887728122880,,1791481887749568000,,90430029302688,,90430050746464,
1074,1075,0,black,90430021070981,90430021127187,0,2675346,1,1,SWAPCHAIN_LOCAL,1000208001,1791481887736584192,,1791481887757901344,,90430037764000,,90430059079808,
1075,1076,1,white,90430029405384,90430029514200,0,2675347,1,1,SWAPCHAIN_LOCAL,1000208001,1791481887744863232,,1791481887766234656,,90430046043040,,90430067413120,
1076,1077,2,black,90430037858623,90430037967729,0,2675348,1,1,SWAPCHAIN_LOCAL,1000208001,1791481887753117696,,1791481887774568000,,90430054297504,,90430075746464,
1077,1078,0,white,90430046072659,90430046128775,0,2675349,1,1,SWAPCHAIN_LOCAL,1000208001,1791481887761584128,,1791481887782901344,,90430062763936,,90430084079808,
1078,1079,1,black,90430054399778,90430054507622,0,2675350,1,1,SWAPCHAIN_LOCAL,1000208001,1791481887769867264,,1791481887791234656,,90430071047072,,90430092413120,
1079,1080,2,white,90430062869367,90430062985437,0,2675351,1,1,SWAPCHAIN_LOCAL,1000208001,1791481887778129920,,1791481887799568000,,90430079309728,,90430100746464,
1080,1081,0,black,90430071155449,90430071275546,0,2675352,1,1,SWAPCHAIN_LOCAL,1000208001,1791481887786573824,,1791481887807901344,,90430087753632,,90430109079808,
1081,1082,1,white,90430079408980,90430079517284,0,2675353,1,1,SWAPCHAIN_LOCAL,1000208001,1791481887794874368,,1791481887816234688,,90430096054176,,90430117413152,
1082,1083,2,black,90430087783068,90430087837230,0,2675354,1,1,SWAPCHAIN_LOCAL,1000208001,1791481887803128832,,1791481887824568000,,90430104308640,,90430125746464,
1083,1084,0,white,90430096150324,90430096258668,0,2675355,1,1,SWAPCHAIN_LOCAL,1000208001,1791481887811591168,,1791481887832901344,,90430112770976,,90430134079808,
1084,1085,1,black,90430104411398,90430104519653,0,2675356,1,1,SWAPCHAIN_LOCAL,1000208001,1791481887819858944,,1791481887841234656,,90430121038752,,90430142413120,
1085,1086,2,white,90430112799463,90430112851582,0,2675357,1,1,SWAPCHAIN_LOCAL,1000208001,1791481887828129792,,1791481887849568000,,90430129309600,,90430150746464,
1086,1087,0,black,90430121061299,90430121113578,0,2675358,1,1,SWAPCHAIN_LOCAL,1000208001,1791481887836574720,,1791481887857901344,,90430137754528,,90430159079808,
1087,1088,1,white,90430129412645,90430129521942,0,2675359,1,1,SWAPCHAIN_LOCAL,1000208001,1791481887844867072,,1791481887866234656,,90430146046880,,90430167413120,
1088,1089,2,black,90430137859942,90430137975881,0,2675360,1,1,SWAPCHAIN_LOCAL,1000208001,1791481887853127680,,1791481887874568000,,90430154307488,,90430175746464,
1089,1090,0,white,90430146150322,90430146261652,0,2675361,1,1,SWAPCHAIN_LOCAL,1000208001,1791481887861575680,,1791481887882901344,,90430162755488,,90430184079808,
1090,1091,1,black,90430154415845,90430154523959,0,2675362,1,1,SWAPCHAIN_LOCAL,1000208001,1791481887869860864,,1791481887891234656,,90430171040672,,90430192413120,
1091,1092,2,white,90430162783451,90430162835840,0,2675363,1,1,SWAPCHAIN_LOCAL,1000208001,1791481887878127616,,1791481887899568000,,90430179307424,,90430200746464,
1092,1093,0,black,90430171157389,90430171265383,0,2675364,1,1,SWAPCHAIN_LOCAL,1000208001,1791481887886584832,,1791481887907901344,,90430187764640,,90430209079808,
1093,1094,1,white,90430179419857,90430179527160,0,2675365,1,1,SWAPCHAIN_LOCAL,1000208001,1791481887894854656,,1791481887916234688,,90430196034464,,90430217413152,
1094,1095,2,black,90430187896199,90430188015294,0,2675366,1,1,SWAPCHAIN_LOCAL,1000208001,1791481887903123456,,1791481887924568000,,90430204303264,,90430225746464,
1095,1096,0,white,90430196141774,90430196248045,0,2675367,1,1,SWAPCHAIN_LOCAL,1000208001,1791481887911586816,,1791481887932901344,,90430212766624,,90430234079808,
1096,1097,1,black,90430204330732,90430204382981,0,2675368,1,1,SWAPCHAIN_LOCAL,1000208001,1791481887919870976,,1791481887941234656,,90430221050784,,90430242413120,
1097,1098,2,white,90430212792607,90430212845517,0,2675369,1,1,SWAPCHAIN_LOCAL,1000208001,1791481887928128512,,1791481887949568000,,90430229308320,,90430250746464,
1098,1099,0,black,90430221154402,90430221247438,0,2675370,1,1,SWAPCHAIN_LOCAL,1000208001,1791481887936577536,,1791481887957901344,,90430237757344,,90430259079808,
1099,1100,1,white,90430229417521,90430229524313,0,2675371,1,1,SWAPCHAIN_LOCAL,1000208001,1791481887944848384,,1791481887966234656,,90430246028192,,90430267413120,
1100,1101,2,black,90430237873824,90430237981087,0,2675372,1,1,SWAPCHAIN_LOCAL,1000208001,1791481887953142784,,1791481887974568000,,90430254322592,,90430275746464,
1101,1102,0,white,90430246133106,90430246239708,0,2675373,1,1,SWAPCHAIN_LOCAL,1000208001,1791481887961574400,,1791481887982901344,,90430262754208,,90430284079808,
1102,1103,1,black,90430254350739,90430254403087,0,2675374,1,1,SWAPCHAIN_LOCAL,1000208001,1791481887969862656,,1791481887991234656,,90430271042464,,90430292413120,
1103,1104,2,white,90430262780322,90430262832500,0,2675375,1,1,SWAPCHAIN_LOCAL,1000208001,1791481887978124288,,1791481887999568000,,90430279304096,,90430300746464,
1104,1105,0,black,90430271154230,90430271262064,0,2675376,1,1,SWAPCHAIN_LOCAL,1000208001,1791481887986586624,,1791481888007901344,,90430287766432,,90430309079808,
1105,1106,1,white,90430279416948,90430279527888,0,2675377,1,1,SWAPCHAIN_LOCAL,1000208001,1791481887994880000,,1791481888016234656,,90430296059808,,90430317413120,
1106,1107,2,black,90430287874664,90430287987127,0,2675378,1,1,SWAPCHAIN_LOCAL,1000208001,1791481888003120128,,1791481888024568000,,90430304299936,,90430325746464,
1107,1108,0,white,90430296088840,90430296141209,0,2675379,1,1,SWAPCHAIN_LOCAL,1000208001,1791481888011578368,,1791481888032901344,,90430312758176,,90430334079808,
1108,1109,1,black,90430304413515,90430304520678,0,2675380,1,1,SWAPCHAIN_LOCAL,1000208001,1791481888019871744,,1791481888041234656,,90430321051552,,90430342413120,
1109,1110,2,white,90430312785700,90430312841215,0,2675381,1,1,SWAPCHAIN_LOCAL,1000208001,1791481888028142592,,1791481888049568000,,90430329322400,,90430350746464,
1110,1111,0,black,90430321169517,90430321276449,0,2675382,1,1,SWAPCHAIN_LOCAL,1000208001,1791481888036591616,,1791481888057901344,,90430337771424,,90430359079808,
1111,1112,1,white,90430329429049,90430329542774,0,2675383,1,1,SWAPCHAIN_LOCAL,1000208001,1791481888044858368,,1791481888066234656,,90430346038176,,90430367413120,
1112,1113,2,black,90430337798950,90430337851509,0,2675384,1,1,SWAPCHAIN_LOCAL,1000208001,1791481888053147648,,1791481888074568000,,90430354327456,,90430375746464,
1113,1114,0,white,90430346064723,90430346114768,0,2675385,1,1,SWAPCHAIN_LOCAL,1000208001,1791481888061577216,,1791481888082901344,,90430362757024,,90430384079808,
1114,1115,1,black,90430354353400,90430354405158,0,2675386,1,1,SWAPCHAIN_LOCAL,1000208001,1791481888069865472,,1791481888091234656,,90430371045280,,90430392413120,
1115,1116,2,white,90430362781971,90430362831846,0,2675387,1,1,SWAPCHAIN_LOCAL,1000208001,1791481888078131200,,1791481888099568000,,90430379311008,,90430400746464,
1116,1117,0,black,90430371155198,90430371260708,0,2675388,1,1,SWAPCHAIN_LOCAL,1000208001,1791481888086569984,,1791481888107901344,,90430387749792,,90430409079808,
1117,1118,1,white,90430379423978,90430379530990,0,2675389,1,1,SWAPCHAIN_LOCAL,1000208001,1791481888094873600,,1791481888116234656,,90430396053408,,90430417413120,
1118,1119,2,black,90430387863880,90430387970602,0,2675390,1,1,SWAPCHAIN_LOCAL,1000208001,1791481888103126016,,1791481888124568000,,90430404305824,,90430425746464,
1119,1120,0,white,90430396100068,90430396163218,0,2675391,1,1,SWAPCHAIN_LOCAL,1000208001,1791481888111572992,,1791481888132901344,,90430412752800,,90430434079808,
1120,1121,1,black,90430404423010,90430404531425,0,2675392,1,1,SWAPCHAIN_LOCAL,1000208001,1791481888119870464,,1791481888141234656,,90430421050272,,90430442413120,
1121,1122,2,white,90430412855920,90430412964705,0,2675393,1,1,SWAPCHAIN_LOCAL,1000208001,1791481888128122880,,1791481888149568000,,90430429302688,,90430450746464,
1122,1123,0,black,90430421162691,90430421275133,0,2675394,1,1,SWAPCHAIN_LOCAL,1000208001,1791481888136569856,,1791481888157901344,,90430437749664,,90430459079808,
1123,1124,1,white,90430429330449,90430429384892,0,2675395,1,1,SWAPCHAIN_LOCAL,1000208001,1791481888144862208,,1791481888166234656,,90430446042016,,90430467413120,
1124,1125,2,black,90430437865783,90430437975610,0,2675396,1,1,SWAPCHAIN_LOCAL,1000208001,1791481888153110528,,1791481888174568000,,90430454290336,,90430475746464,
1125,1126,0,white,90430446069959,90430446123831,0,2675397,1,1,SWAPCHAIN_LOCAL,1000208001,1791481888161584128,,1791481888182901344,,90430462763936,,90430484079808,
1126,1127,1,black,90430454316717,90430454366722,0,2675398,1,1,SWAPCHAIN_LOCAL,1000208001,1791481888169866240,,1791481888191234656,,90430471046048,,90430492413120,
1127,1128,2,white,90430462873000,90430462981425,0,2675399,1,1,SWAPCHAIN_LOCAL,1000208001,1791481888178122752,,1791481888199568000,,90430479302560,,90430500746464,
1128,1129,0,black,90430471074111,90430471128254,0,2675400,1,1,SWAPCHAIN_LOCAL,1000208001,1791481888186575872,,1791481888207901344,,90430487755680,,90430509079808,
1129,1130,1,white,90430479413985,90430479523612,0,2675401,1,1,SWAPCHAIN_LOCAL,1000208001,1791481888194856960,,1791481888216234688,,90430496036768,,90430517413152,
1130,1131,2,black,90430487873405,90430487982151,0,2675402,1,1,SWAPCHAIN_LOCAL,1000208001,1791481888203142144,,1791481888224568000,,90430504321952,,90430525746464,
1131,1132,0,white,90430496065419,90430496122086,0,2675403,1,1,SWAPCHAIN_LOCAL,1000208001,1791481888211566592,,1791481888232901344,,90430512746400,,90430534079808,
1132,1133,1,black,90430504348676,90430504398571,0,2675404,1,1,SWAPCHAIN_LOCAL,1000208001,1791481888219863040,,1791481888241234656,,90430521042848,,90430542413120,
1133,1134,2,white,90430512854383,90430512963119,0,2675405,1,1,SWAPCHAIN_LOCAL,1000208001,1791481888228117504,,1791481888249568000,,90430529297312,,90430550746464,
1134,1135,0,black,90430521158058,90430521268948,0,2675406,1,1,SWAPCHAIN_LOCAL,1000208001,1791481888236567552,,1791481888257901344,,90430537747360,,90430559079808,
1135,1136,1,white,90430529411218,90430529520034,0,2675407,1,1,SWAPCHAIN_LOCAL,1000208001,1791481888244873216,,1791481888266234656,,90430546053024,,90430567413120,
1136,1137,2,black,90430537855419,90430537962281,0,2675408,1,1,SWAPCHAIN_LOCAL,1000208001,1791481888253131776,,1791481888274568000,,90430554311584,,90430575746464,
1137,1138,0,white,90430546080907,90430546134238,0,2675409,1,1,SWAPCHAIN_LOCAL,1000208001,1791481888261564416,,1791481888282901344,,90430562744224,,90430584079808,
1138,1139,1,black,90430554337042,90430554386716,0,2675410,1,1,SWAPCHAIN_LOCAL,1000208001,1791481888269869056,,1791481888291234656,,90430571048864,,90430592413120,
1139,1140,2,white,90430562769691,90430562824124,0,2675411,1,1,SWAPCHAIN_LOCAL,1000208001,1791481888278118400,,1791481888299568000,,90430579298208,,90430600746464,
1140,1141,0,black,90430571078396,90430571127048,0,2675412,1,1,SWAPCHAIN_LOCAL,1000208001,1791481888286574592,,1791481888307901344,,90430587754400,,90430609079808,
1141,1142,1,white,90430579404464,90430579512248,0,2675413,1,1,SWAPCHAIN_LOCAL,1000208001,1791481888294861824,,1791481888316234656,,90430596041632,,90430617413120,
1142,1143,2,black,90430587865957,90430587973400,0,2675414,1,1,SWAPCHAIN_LOCAL,1000208001,1791481888303112192,,1791481888324568000,,90430604292000,,90430625746464,
1143,1144,0,white,90430596070766,90430596124387,0,2675415,1,1,SWAPCHAIN_LOCAL,1000208001,1791481888311580672,,1791481888332901344,,90430612760480,,90430634079808,
1144,1145,1,black,90430604337451,90430604392044,0,2675416,1,1,SWAPCHAIN_LOCAL,1000208001,1791481888319860736,,1791481888341234656,,90430621040544,,90430642413120,
1145,1146,2,white,90430612874468,90430612985828,0,2675417,1,1,SWAPCHAIN_LOCAL,1000208001,1791481888328126464,,1791481888349568000,,90430629306272,,90430650746464,
1146,1147,0,black,90430621147094,90430621260348,0,2675418,1,1,SWAPCHAIN_LOCAL,1000208001,1791481888336577536,,1791481888357901344,,90430637757344,,90430659079808,
1147,1148,1,white,90430629420042,90430629529208,0,2675419,1,1,SWAPCHAIN_LOCAL,1000208001,1791481888344852480,,1791481888366234656,,90430646032288,,90430667413120,
1148,1149,2,black,90430637785734,90430637846298,0,2675420,1,1,SWAPCHAIN_LOCAL,1000208001,1791481888353124352,,1791481888374568000,,90430654304160,,90430675746464,
1149,1150,0,white,90430646143642,90430646252738,0,2675421,1,1,SWAPCHAIN_LOCAL,1000208001,1791481888361589760,,1791481888382901344,,90430662769568,,90430684079808,
1150,1151,1,black,90430654336488,90430654388586,0,2675422,1,1,SWAPCHAIN_LOCAL,1000208001,1791481888369871872,,1791481888391234656,,90430671051680,,90430692413120,
1151,1152,2,white,90430662794925,90430662846102,0,2675423,1,1,SWAPCHAIN_LOCAL,1000208001,1791481888378130432,,1791481888399568000,,90430679310240,,90430700746464,
1152,1153,0,black,90430671163594,90430671277930,0,2675424,1,1,SWAPCHAIN_LOCAL,1000208001,1791481888386577408,,1791481888407901344,,90430687757216,,90430709079808,
1153,1154,1,white,90430679338435,90430679394952,0,2675425,1,1,SWAPCHAIN_LOCAL,1000208001,1791481888394862592,,1791481888416234688,,90430696042400,,90430717413152,
1154,1155,2,black,90430687783107,90430687834314,0,2675426,1,1,SWAPCHAIN_LOCAL,1000208001,1791481888403128320,,1791481888424568000,,90430704308128,,90430725746464,
1155,1156,0,white,90430696068388,90430696117490,0,2675427,1,1,SWAPCHAIN_LOCAL,1000208001,1791481888411589632,,1791481888432901344,,90430712769440,,90430734079808,
1156,1157,1,black,90430704420264,90430704533498,0,2675428,1,1,SWAPCHAIN_LOCAL,1000208001,1791481888419873792,,1791481888441234656,,90430721053600,,90430742413120,
1157,1158,2,white,90430712800775,90430712856500,0,2675429,1,1,SWAPCHAIN_LOCAL,1000208001,1791481888428127232,,1791481888449568000,,90430729307040,,90430750746464,
1158,1159,0,black,90430721167410,90430721275765,0,2675430,1,1,SWAPCHAIN_LOCAL,1000208001,1791481888436578304,,1791481888457901344,,90430737758112,,90430759079808,
1159,1160,1,white,90430729421300,90430729532781,0,2675431,1,1,SWAPCHAIN_LOCAL,1000208001,1791481888444864512,,1791481888466234656,,90430746044320,,90430767413120,
1160,1161,2,black,90430737790670,90430737843981,0,2675432,1,1,SWAPCHAIN_LOCAL,1000208001,1791481888453138432,,1791481888474568000,,90430754318240,,90430775746464,
1161,1162,0,white,90430746155120,90430746262413,0,2675433,1,1,SWAPCHAIN_LOCAL,1000208001,1791481888461578240,,1791481888482901344,,90430762758048,,90430784079808,
1162,1163,1,black,90430754340181,90430754386960,0,2675434,1,1,SWAPCHAIN_LOCAL,1000208001,1791481888469869568,,1791481888491234656,,90430771049376,,90430792413120,
1163,1164,2,white,90430762871066,90430762978449,0,2675435,1,1,SWAPCHAIN_LOCAL,1000208001,1791481888478131200,,1791481888499568000,,90430779311008,,90430800746464,
1164,1165,0,black,90430771161106,90430771268198,0,2675436,1,1,SWAPCHAIN_LOCAL,1000208001,1791481888486573056,,1791481888507901344,,90430787752864,,90430809079808,
1165,1166,1,white,90430779423593,90430779536887,0,2675437,1,1,SWAPCHAIN_LOCAL,1000208001,1791481888494875648,,1791481888516234656,,90430796055456,,90430817413120,
1166,1167,2,black,90430787780870,90430787833469,0,2675438,1,1,SWAPCHAIN_LOCAL,1000208001,1791481888503121920,,1791481888524568000,,90430804301728,,90430825746464,
1167,1168,0,white,90430796156050,90430796249437,0,2675439,1,1,SWAPCHAIN_LOCAL,1000208001,1791481888511590400,,1791481888532901344,,90430812770208,,90430834079808,
1168,1169,1,black,90430804414750,90430804522694,0,2675440,1,1,SWAPCHAIN_LOCAL,1000208001,1791481888519874560,,1791481888541234688,,90430821054368,,90430842413152,
1169,1170,2,white,90430812799449,90430812854172,0,2675441,1,1,SWAPCHAIN_LOCAL,1000208001,1791481888528130048,,1791481888549568000,,90430829309856,,90430850746464,
1170,1171,0,black,90430821173607,90430821282183,0,2675442,1,1,SWAPCHAIN_LOCAL,1000208001,1791481888536585216,,1791481888557901344,,90430837765024,,90430859079808,
1171,1172,1,white,90430829414544,90430829529652,0,2675443,1,1,SWAPCHAIN_LOCAL,1000208001,1791481888544863232,,1791481888566234656,,90430846043040,,90430867413120,
1172,1173,2,black,90430837793211,90430837845530,0,2675444,1,1,SWAPCHAIN_LOCAL,1000208001,1791481888553122816,,1791481888574568000,,90430854302624,,90430875746464,
1173,1174,0,white,90430846069354,90430846124549,0,2675445,1,1,SWAPCHAIN_LOCAL,1000208001,1791481888561579008,,1791481888582901344,,90430862758816,,90430884079808,
1174,1175,1,black,90430854416562,90430854523524,0,2675446,1,1,SWAPCHAIN_LOCAL,1000208001,1791481888569873408,,1791481888591234656,,90430871053216,,90430892413120,
1175,1176,2,white,90430862872726,90430862985318,0,2675447,1,1,SWAPCHAIN_LOCAL,1000208001,1791481888578123776,,1791481888599568000,,90430879303584,,90430900746464,
1176,1177,0,black,90430871151173,90430871259799,0,2675448,1,1,SWAPCHAIN_LOCAL,1000208001,1791481888586570752,,1791481888607901344,,90430887750560,,90430909079808,
1177,1178,1,white,90430879406758,90430879515233,0,2675449,1,1,SWAPCHAIN_LOCAL,1000208001,1791481888594861056,,1791481888616234688,,90430896040864,,90430917413152,
1178,1179,2,black,90430887780425,90430887833776,0,2675450,1,1,SWAPCHAIN_LOCAL,1000208001,1791481888603124736,,1791481888624568000,,90430904304544,,90430925746464,
1179,1180,0,white,90430896143252,90430896255474,0,2675451,1,1,SWAPCHAIN_LOCAL,1000208001,1791481888611579904,,1791481888632901344,,90430912759712,,90430934079808,
1180,1181,1,black,90430904338863,90430904392184,0,2675452,1,1,SWAPCHAIN_LOCAL,1000208001,1791481888619854848,,1791481888641234656,,90430921034656,,90430942413120,
1181,1182,2,white,90430912852766,90430912962724,0,2675453,1,1,SWAPCHAIN_LOCAL,1000208001,1791481888628127744,,1791481888649568000,,90430929307552,,90430950746464,
1182,1183,0,black,90430921064688,90430921123028,0,2675454,1,1,SWAPCHAIN_LOCAL,1000208001,1791481888636571648,,1791481888657901344,,90430937751456,,90430959079808,
1183,1184,1,white,90430929330652,90430929381057,0,2675455,1,1,SWAPCHAIN_LOCAL,1000208001,1791481888644856832,,1791481888666234656,,90430946036640,,90430967413120,
1184,1185,2,black,90430937773651,90430937824577,0,2675456,1,1,SWAPCHAIN_LOCAL,1000208001,1791481888653124608,,1791481888674568000,,90430954304416,,90430975746464,
1185,1186,0,white,90430946058921,90430946113986,0,2675457,1,1,SWAPCHAIN_LOCAL,1000208001,1791481888661579776,,1791481888682901344,,90430962759584,,90430984079808,
1186,1187,1,black,90430954396030,90430954505877,0,2675458,1,1,SWAPCHAIN_LOCAL,1000208001,1791481888669860864,,1791481888691234656,,90430971040672,,90430992413120,
1187,1188,2,white,90430962859688,90430962968343,0,2675459,1,1,SWAPCHAIN_LOCAL,1000208001,1791481888678130688,,1791481888699568000,,90430979310496,,90431000746464,
1188,1189,0,black,90430971145038,90430971253383,0,2675460,1,1,SWAPCHAIN_LOCAL,1000208001,1791481888686569472,,1791481888707901344,,90430987749280,,90431009079808,
1189,1190,1,white,90430979340760,90430979399621,0,2675461,1,1,SWAPCHAIN_LOCAL,1000208001,1791481888694857728,,1791481888716234656,,90430996037536,,90431017413120,
1190,1191,2,black,90430987858860,90430987969479,0,2675462,1,1,SWAPCHAIN_LOCAL,1000208001,1791481888703125504,,1791481888724568000,,90431004305312,,90431025746464,
1191,1192,0,white,90430996139131,90430996246504,0,2675463,1,1,SWAPCHAIN_LOCAL,1000208001,1791481888711585792,,1791481888732901344,,90431012765600,,90431034079808,
1192,1193,1,black,90431004410165,90431004517067,0,2675464,1,1,SWAPCHAIN_LOCAL,1000208001,1791481888719866880,,1791481888741234656,,90431021046688,,90431042413120,
1193,1194,2,white,90431012868443,90431012975204,0,2675465,1,1,SWAPCHAIN_LOCAL,1000208001,1791481888728115200,,1791481888749568000,,90431029295008,,90431050746464,
1194,1195,0,black,90431021078130,90431021133224,0,2675466,1,1,SWAPCHAIN_LOCAL,1000208001,1791481888736575488,,1791481888757901344,,90431037755296,,90431059079808,
1195,1196,1,white,90431029318185,90431029369713,0,2675467,1,1,SWAPCHAIN_LOCAL,1000208001,1791481888744850432,,1791481888766234656,,90431046030240,,90431067413120,
1196,1197,2,black,90431037859640,90431037969507,0,2675468,1,1,SWAPCHAIN_LOCAL,1000208001,1791481888753125376,,1791481888774568000,,90431054305184,,90431075746464,
1197,1198,0,white,90431046133098,90431046243156,0,2675469,1,1,SWAPCHAIN_LOCAL,1000208001,1791481888761578496,,1791481888782901344,,90431062758304,,90431084079808,
1198,1199,1,black,90431054411616,90431054523197,0,2675470,1,1,SWAPCHAIN_LOCAL,1000208001,1791481888769859584,,1791481888791234656,,90431071039392,,90431092413120,
1199,1200,2,white,90431062789061,90431062846710,0,2675471,1,1,SWAPCHAIN_LOCAL,1000208001,1791481888778127360,,1791481888799568000,,90431079307168,,90431100746464,
